Date,Open,High,Low,Close,Adj Close,Volume,daily_return
2019-02-28,2.9225,2.965,2.8975,2.925,2.829015,11280800,
2019-03-01,2.97,3.0025,2.9375,2.9375,2.841105,7604800,0.004273504273504258
2019-03-04,2.9475,2.9625,2.8675,2.8925,2.797582,8914400,-0.015319148936170146
2019-03-05,3.02,3.025,2.84,2.9,2.804836,22151600,0.0025929127052721768
2019-03-06,2.915,2.9675,2.89,2.89,2.795164,13251600,-0.0034482758620688614
2019-03-07,2.89,2.915,2.86,2.8975,2.802418,7245600,0.0025951557093424338
2019-03-08,2.7675,2.805,2.6875,2.7425,2.652504,24686400,-0.053494391716997325
2019-03-11,2.745,2.82,2.7225,2.815,2.722625,10814400,0.02643573381950759
2019-03-12,2.82,2.8875,2.8075,2.8675,2.773402,8659600,0.018650088809946785
2019-03-13,2.885,2.91,2.8675,2.895,2.8,8766400,0.009590235396687019
2019-03-14,2.8275,2.835,2.725,2.7375,2.7375,11358400,-0.05440414507772029
2019-03-15,2.7475,2.78,2.725,2.765,2.765,14149600,0.010045662100456765
2019-03-18,2.7725,2.7925,2.745,2.7675,2.7675,9804800,0.0009041591320071429
2019-03-19,2.7675,2.81,2.725,2.74,2.74,12359600,-0.009936766034326916
2019-03-20,2.74,2.74,2.6,2.625,2.625,16415600,-0.04197080291970812
2019-03-21,2.6175,2.6825,2.5875,2.6375,2.6375,12821200,0.004761904761904745
2019-03-22,2.6625,2.665,2.61,2.6125,2.6125,13156000,-0.009478672985782088
2019-03-25,2.615,2.6225,2.5175,2.535,2.535,17944800,-0.02966507177033484
2019-03-26,2.5275,2.61,2.5225,2.5875,2.5875,14140400,0.020710059171597628
2019-03-27,2.5925,2.635,2.5625,2.5725,2.5725,10424800,-0.005797101449275366
2019-03-28,2.59,2.6225,2.5175,2.5475,2.5475,12489200,-0.0097181729834791
2019-03-29,2.5525,2.59,2.5375,2.54,2.54,11676000,-0.0029440628066731422
2019-04-01,2.5725,2.605,2.51,2.5925,2.5925,17662800,0.02066929133858264
2019-04-02,2.5925,2.6025,2.5225,2.525,2.525,34680800,-0.026036644165863043
2019-04-03,2.215,2.5075,2.205,2.4075,2.4075,106391600,-0.046534653465346465
2019-04-04,2.435,2.515,2.4125,2.5075,2.5075,31671200,0.041536863966770365
2019-04-05,2.49,2.5025,2.4475,2.465,2.465,22974400,-0.016949152542372836
2019-04-08,2.4475,2.52,2.4325,2.485,2.485,18204000,0.008113590263691739
2019-04-09,2.4625,2.5,2.4525,2.455,2.455,11914000,-0.012072434607645843
2019-04-10,2.47,2.5025,2.47,2.4925,2.4925,11228800,0.015274949083503131
2019-04-11,2.495,2.495,2.435,2.44,2.44,10180800,-0.02106318956870623
2019-04-12,2.4475,2.4575,2.3225,2.33,2.33,19114000,-0.04508196721311475
2019-04-15,2.3175,2.3375,2.2025,2.235,2.235,22109600,-0.04077253218884125
2019-04-16,2.25,2.2875,2.2375,2.27,2.27,18880000,0.015659955257270708
2019-04-17,2.2775,2.28,2.1875,2.235,2.235,15684400,-0.01541850220264318
2019-04-18,2.215,2.2575,2.185,2.1925,2.1925,15256800,-0.019015659955257225
2019-04-22,2.1875,2.205,2.1325,2.1625,2.1625,25114800,-0.0136830102622576
2019-04-23,2.16,2.2425,2.16,2.2225,2.2225,17809200,0.02774566473988438
2019-04-24,2.225,2.265,2.2225,2.2525,2.2525,16424400,0.013498312710910954
2019-04-25,2.2475,2.25,2.18,2.2375,2.2375,10508000,-0.006659267480577213
2019-04-26,2.2325,2.2575,2.22,2.2225,2.2225,9227200,-0.006703910614525022
2019-04-29,2.2225,2.225,2.1775,2.19,2.19,10192400,-0.014623172103487181
2019-04-30,2.2,2.2125,2.1625,2.1625,2.1625,12830800,-0.012557077625570678
2019-05-01,2.165,2.1975,2.1175,2.1275,2.1275,14155600,-0.016184971098266
2019-05-02,2.1275,2.2075,2.1275,2.1925,2.1925,12467600,0.03055229142185656
2019-05-03,2.2025,2.2475,2.1925,2.2425,2.2425,8718400,0.022805017103763037
2019-05-06,2.2125,2.23,2.165,2.2125,2.2125,9624800,-0.013377926421404784
2019-05-07,2.1925,2.23,2.1725,2.1925,2.1925,10366400,-0.009039548022598876
2019-05-08,2.1875,2.2125,2.1625,2.1725,2.1725,8249600,-0.009122006841505104
2019-05-09,2.15,2.1625,2.12,2.13,2.13,9358000,-0.019562715765247374
2019-05-10,2.13,2.145,2.09,2.12,2.12,9206000,-0.004694835680751019
2019-05-13,2.0825,2.0925,2.0425,2.065,2.065,12172800,-0.025943396226415172
2019-05-14,2.08,2.1375,2.06,2.1325,2.1325,10451600,0.032687651331719136
2019-05-15,2.11,2.1775,2.11,2.1725,2.1725,9014000,0.01875732708089095
2019-05-16,2.185,2.21,2.16,2.1675,2.1675,7004000,-0.0023014959723820505
2019-05-17,2.135,2.195,2.135,2.1525,2.1525,7869200,-0.006920415224913601
2019-05-20,2.115,2.13,1.995,2.015,2.015,20174400,-0.06387921022067355
2019-05-21,2.0175,2.035,1.9725,2.0325,2.0325,22788400,0.008684863523573227
2019-05-22,2.0175,2.02,1.94,1.975,1.975,18064400,-0.02829028290282909
2019-05-23,1.96,1.965,1.9175,1.925,1.925,15678000,-0.025316455696202556
2019-05-24,1.9275,1.965,1.9275,1.955,1.955,10168400,0.01558441558441559
2019-05-28,1.9625,1.9975,1.935,1.935,1.935,10931200,-0.010230179028132946
2019-05-29,1.9325,1.9375,1.8475,1.8925,1.8925,16510800,-0.021963824289405687
2019-05-30,1.8925,1.925,1.8825,1.9,1.9,10780800,0.003963011889035473
2019-05-31,1.8675,1.915,1.83,1.895,1.895,15932400,-0.002631578947368318
2019-06-03,1.895,1.9125,1.855,1.8675,1.8675,20916400,-0.014511873350923521
2019-06-04,1.895,1.9625,1.88,1.955,1.955,41720400,0.04685408299866145
2019-06-05,1.3725,1.3975,1.1775,1.26,1.26,157416800,-0.3554987212276215
2019-06-06,1.245,1.2825,1.21,1.2825,1.2825,54232000,0.017857142857142794
2019-06-07,1.2825,1.3075,1.2475,1.255,1.255,42365200,-0.021442495126705707
2019-06-10,1.3425,1.3875,1.3225,1.36,1.36,75706000,0.08366533864541847
2019-06-11,1.3825,1.4625,1.3725,1.43,1.43,53695200,0.051470588235293935
2019-06-12,1.42,1.45,1.375,1.375,1.375,19657200,-0.038461538461538436
2019-06-13,1.3875,1.4325,1.3725,1.425,1.425,23363200,0.036363636363636376
2019-06-14,1.425,1.4575,1.4025,1.4075,1.4075,21218400,-0.012280701754386003
2019-06-17,1.4075,1.4525,1.4,1.425,1.425,14746000,0.01243339253996445
2019-06-18,1.4275,1.4575,1.4175,1.4325,1.4325,16281600,0.0052631578947368585
2019-06-19,1.4375,1.4375,1.4025,1.4075,1.4075,11893200,-0.017452006980802848
2019-06-20,1.415,1.4225,1.38,1.3825,1.3825,15735200,-0.017761989342806372
2019-06-21,1.38,1.38,1.3275,1.355,1.355,35817200,-0.019891500904159143
2019-06-24,1.3525,1.3675,1.32,1.3425,1.3425,19293200,-0.009225092250922495
2019-06-25,1.335,1.3825,1.33,1.3625,1.3625,12341600,0.014897579143389184
2019-06-26,1.3675,1.38,1.345,1.3675,1.3675,14207200,0.003669724770642091
2019-06-27,1.365,1.3975,1.3575,1.385,1.385,15024000,0.012797074954296273
2019-06-28,1.3825,1.395,1.36,1.3675,1.3675,15585600,-0.01263537906137191
2019-07-01,1.3825,1.3925,1.335,1.34,1.34,17243200,-0.02010968921389389
2019-07-02,1.3375,1.3625,1.33,1.345,1.345,22574000,0.003731343283581934
2019-07-03,1.3525,1.3575,1.3175,1.3275,1.3275,10248400,-0.013011152416356975
2019-07-05,1.325,1.41,1.3175,1.38,1.38,51578400,0.039548022598870025
2019-07-08,1.375,1.3825,1.355,1.3625,1.3625,26370800,-0.0126811594202898
2019-07-09,1.37,1.3875,1.32,1.3275,1.3275,46887600,-0.025688073394495525
2019-07-10,1.3375,1.3425,1.2925,1.295,1.295,43413200,-0.024482109227871973
2019-07-11,1.245,1.2525,1.1825,1.21,1.21,67112800,-0.06563706563706562
2019-07-12,1.215,1.2325,1.2025,1.2275,1.2275,17568800,0.01446280991735538
2019-07-15,1.2175,1.2225,1.1875,1.1875,1.1875,12273600,-0.03258655804480659
2019-07-16,1.19,1.2025,1.1575,1.1575,1.1575,23880000,-0.025263157894736876
2019-07-17,1.1575,1.16,1.0825,1.095,1.095,30572400,-0.05399568034557234
2019-07-18,1.0975,1.105,1.03,1.05,1.05,34342800,-0.041095890410958846
2019-07-19,1.055,1.105,1.055,1.08,1.08,43786000,0.028571428571428692
2019-07-22,1.0825,1.1,1.03,1.035,1.035,21954800,-0.04166666666666685
2019-07-23,1.0375,1.05,0.995,1.0225,1.0225,30814000,-0.01207729468599028
2019-07-24,1.02,1.05,1.0125,1.02,1.02,24082400,-0.0024449877750610804
2019-07-25,1.025,1.08,0.9925,0.995,0.995,23160000,-0.02450980392156865
2019-07-26,1.0,1.02,0.99,1.0025,1.0025,12836000,0.007537688442210921
2019-07-29,1.005,1.04,1.005,1.03,1.03,17308400,0.02743142144638422
2019-07-30,1.025,1.0325,0.975,1.0075,1.0075,21085600,-0.021844660194174748
2019-07-31,1.0075,1.045,1.0,1.005,1.005,20835600,-0.002481389578163906
2019-08-01,1.005,1.015,0.945,0.96,0.96,22386000,-0.04477611940298498
2019-08-02,0.9575,0.9725,0.9375,0.945,0.945,14378800,-0.015625
2019-08-05,0.93,0.9375,0.895,0.9275,0.9275,22727200,-0.01851851851851849
2019-08-06,0.9325,0.955,0.9075,0.9525,0.9525,20629600,0.02695417789757415
2019-08-07,0.935,0.9625,0.915,0.9525,0.9525,23424400,0.0
2019-08-08,0.96,0.9775,0.9425,0.9725,0.9725,9226800,0.0209973753280841
2019-08-09,0.9575,0.965,0.8975,0.8975,0.8975,12317600,-0.07712082262210807
2019-08-12,0.895,0.905,0.86,0.8775,0.8775,10710400,-0.02228412256267409
2019-08-13,0.87,0.94,0.8675,0.8675,0.8675,18018000,-0.011396011396011319
2019-08-14,0.8475,0.855,0.7975,0.83,0.83,24327600,-0.043227665706051965
2019-08-15,0.83,0.8525,0.7875,0.8025,0.8025,23553600,-0.033132530120481896
2019-08-16,0.8125,0.84,0.8025,0.83,0.83,12522800,0.03426791277258556
2019-08-19,0.8425,0.8675,0.835,0.845,0.845,11550000,0.01807228915662651
2019-08-20,0.8375,0.865,0.82,0.855,0.855,17040000,0.01183431952662728
2019-08-21,0.875,0.905,0.86,0.885,0.885,23643600,0.03508771929824572
2019-08-22,0.9925,1.0625,0.93,0.9675,0.9675,116709200,0.09322033898305082
2019-08-23,0.96,0.975,0.89,0.9125,0.9125,34643600,-0.05684754521963831
2019-08-26,0.93,1.01,0.9125,0.955,0.955,41277600,0.046575342465753344
2019-08-27,0.9675,0.9825,0.92,0.925,0.925,22804000,-0.03141361256544495
2019-08-28,0.925,0.9925,0.9175,0.97,0.97,25756800,0.048648648648648596
2019-08-29,0.9825,1.0725,0.9375,1.0575,1.0575,53454000,0.09020618556701043
2019-08-30,1.065,1.09,0.98,0.9925,0.9925,42538400,-0.061465721040189214
2019-09-03,0.9925,1.0175,0.915,0.9525,0.9525,36177600,-0.04030226700251893
2019-09-04,0.97,1.0,0.9625,0.995,0.995,16908400,0.044619422572178546
2019-09-05,1.02,1.06,1.0175,1.0575,1.0575,27568000,0.06281407035175901
2019-09-06,1.06,1.09,1.035,1.0775,1.0775,26806000,0.01891252955082723
2019-09-09,1.0875,1.23,1.0875,1.19,1.19,58315200,0.10440835266821358
2019-09-10,1.2175,1.275,1.1275,1.2725,1.2725,66636800,0.06932773109243695
2019-09-11,1.0475,1.2375,0.9925,1.1475,1.1475,136020000,-0.0982318271119843
2019-09-12,1.15,1.2025,1.1075,1.145,1.145,35634800,-0.002178649237472685
2019-09-13,1.155,1.1925,1.0925,1.1025,1.1025,30648800,-0.037117903930131035
2019-09-16,1.075,1.1175,1.0675,1.0875,1.0875,27045200,-0.013605442176870874
2019-09-17,1.075,1.085,1.0325,1.0825,1.0825,25624000,-0.0045977011494251485
2019-09-18,1.0825,1.1725,1.0825,1.15,1.15,39184800,0.06235565819861422
2019-09-19,1.16,1.1675,1.105,1.11,1.11,31441200,-0.03478260869565197
2019-09-20,1.1475,1.2,1.125,1.175,1.175,46415200,0.058558558558558405
2019-09-23,1.17,1.3,1.1525,1.255,1.255,49896000,0.0680851063829786
2019-09-24,1.285,1.375,1.245,1.2525,1.2525,52391600,-0.0019920318725099584
2019-09-25,1.2725,1.3875,1.27,1.3,1.3,48657200,0.0379241516966069
2019-09-26,1.2975,1.335,1.27,1.32,1.32,24323600,0.01538461538461533
2019-09-27,1.3125,1.3625,1.305,1.335,1.335,22194000,0.011363636363636243
2019-09-30,1.3575,1.41,1.35,1.38,1.38,35679200,0.033707865168539186
2019-10-01,1.41,1.455,1.3725,1.395,1.395,26369600,0.010869565217391353
2019-10-02,1.3875,1.3875,1.31,1.33,1.33,32619600,-0.04659498207885304
2019-10-03,1.325,1.37,1.3075,1.355,1.355,17386800,0.018796992481203034
2019-10-04,1.3575,1.39,1.3425,1.3875,1.3875,16852400,0.023985239852398532
2019-10-07,1.37,1.395,1.3525,1.3725,1.3725,16619200,-0.0108108108108107
2019-10-08,1.3575,1.36,1.29,1.3075,1.3075,19292400,-0.04735883424408005
2019-10-09,1.3125,1.325,1.24,1.2475,1.2475,23238400,-0.04588910133843216
2019-10-10,1.255,1.2875,1.24,1.2625,1.2625,20912000,0.012024048096192397
2019-10-11,1.285,1.3725,1.285,1.3425,1.3425,23636800,0.06336633663366342
2019-10-14,1.33,1.3975,1.305,1.395,1.395,21095600,0.03910614525139655
2019-10-15,1.4,1.4775,1.3975,1.4025,1.4025,25403600,0.005376344086021501
2019-10-16,1.395,1.4775,1.395,1.47,1.47,15474800,0.048128342245989275
2019-10-17,1.4725,1.5125,1.45,1.5075,1.5075,14426400,0.025510204081632626
2019-10-18,1.5075,1.5125,1.4425,1.485,1.485,12788400,-0.01492537313432829
2019-10-21,1.495,1.54,1.455,1.4825,1.4825,14446400,-0.0016835016835018424
2019-10-22,1.4825,1.61,1.4825,1.5975,1.5975,16698000,0.07757166947723437
2019-10-23,1.5825,1.655,1.5575,1.6075,1.6075,16285600,0.006259780907668322
2019-10-24,1.625,1.6375,1.5075,1.605,1.605,17072800,-0.0015552099533436836
2019-10-25,1.58,1.6075,1.5625,1.5875,1.5875,10581600,-0.010903426791277315
2019-10-28,1.595,1.6225,1.5425,1.5475,1.5475,11418800,-0.025196850393700676
2019-10-29,1.5525,1.5625,1.4475,1.4525,1.4525,15675200,-0.06138933764135712
2019-10-30,1.44,1.4575,1.38,1.4325,1.4325,14958000,-0.01376936316695343
2019-10-31,1.4075,1.4225,1.3275,1.36,1.36,17434400,-0.05061082024432806
2019-11-01,1.3625,1.5,1.3575,1.46,1.46,20841600,0.07352941176470584
2019-11-04,1.475,1.505,1.4425,1.4625,1.4625,14680000,0.001712328767123239
2019-11-05,1.47,1.55,1.465,1.4775,1.4775,13496400,0.010256410256410442
2019-11-06,1.475,1.5475,1.455,1.5225,1.5225,16513200,0.030456852791878042
2019-11-07,1.545,1.58,1.51,1.555,1.555,12517200,0.021346469622331776
2019-11-08,1.5425,1.57,1.5125,1.5225,1.5225,7874800,-0.020900321543408373
2019-11-11,1.5125,1.5225,1.4425,1.505,1.505,12437600,-0.011494252873563315
2019-11-12,1.5075,1.5175,1.4675,1.48,1.48,7338000,-0.01661129568106301
2019-11-13,1.4775,1.4925,1.4525,1.485,1.485,6134400,0.0033783783783785104
2019-11-14,1.4875,1.5275,1.475,1.495,1.495,6834800,0.006734006734006703
2019-11-15,1.5,1.5025,1.4625,1.47,1.47,8663600,-0.016722408026755953
2019-11-18,1.4625,1.4625,1.4025,1.405,1.405,11983600,-0.04421768707482987
2019-11-19,1.3925,1.415,1.3625,1.375,1.375,13442000,-0.02135231316725983
2019-11-20,1.385,1.385,1.34,1.365,1.365,10666800,-0.0072727272727273196
2019-11-21,1.365,1.395,1.3375,1.375,1.375,11136000,0.0073260073260073
2019-11-22,1.3975,1.4625,1.375,1.415,1.415,13972400,0.029090909090909056
2019-11-25,1.4175,1.515,1.4075,1.5075,1.5075,10979600,0.06537102473498235
2019-11-26,1.5075,1.565,1.5025,1.525,1.525,10594800,0.011608623548921893
2019-11-27,1.525,1.5975,1.505,1.5875,1.5875,12120000,0.040983606557376984
2019-11-29,1.5825,1.5975,1.56,1.585,1.585,5476000,-0.0015748031496062298
2019-12-02,1.5875,1.615,1.5225,1.5425,1.5425,8242400,-0.02681388012618291
2019-12-03,1.51,1.545,1.4825,1.53,1.53,8859600,-0.008103727714748765
2019-12-04,1.5425,1.6225,1.53,1.6075,1.6075,11489600,0.05065359477124187
2019-12-05,1.58,1.63,1.56,1.6,1.6,17525600,-0.004665629860031051
2019-12-06,1.5975,1.67,1.5975,1.67,1.67,19029200,0.043749999999999956
2019-12-09,1.6625,1.73,1.5475,1.5825,1.5825,25002400,-0.05239520958083832
2019-12-10,1.5725,1.635,1.53,1.6275,1.6275,38379600,0.02843601895734582
2019-12-11,1.3125,1.4525,1.295,1.3825,1.3825,78071200,-0.15053763440860213
2019-12-12,1.365,1.4275,1.3525,1.395,1.395,25549200,0.009041591320072317
2019-12-13,1.3675,1.405,1.31,1.3625,1.3625,21756000,-0.023297491039426466
2019-12-16,1.3475,1.3975,1.3475,1.375,1.375,17627600,0.00917431192660545
2019-12-17,1.375,1.52,1.3725,1.515,1.515,16565600,0.10181818181818181
2019-12-18,1.515,1.5675,1.4825,1.54,1.54,21056400,0.01650165016501659
2019-12-19,1.5525,1.56,1.5075,1.515,1.515,17808000,-0.016233766233766267
2019-12-20,1.515,1.555,1.49,1.4975,1.4975,21938400,-0.011551155115511413
2019-12-23,1.5125,1.5175,1.385,1.4025,1.4025,25130800,-0.06343906510851416
2019-12-24,1.4125,1.4175,1.36,1.36,1.36,13582000,-0.030303030303030276
2019-12-26,1.3675,1.3775,1.3125,1.35,1.35,17057600,-0.007352941176470562
2019-12-27,1.355,1.495,1.3475,1.475,1.475,44165200,0.09259259259259256
2019-12-30,1.47,1.5625,1.44,1.5325,1.5325,17928400,0.03898305084745757
2019-12-31,1.52,1.5975,1.4975,1.52,1.52,17290400,-0.00815660685154973
2020-01-02,1.535,1.6175,1.5175,1.5775,1.5775,17814400,0.03782894736842102
2020-01-03,1.5525,1.5625,1.46,1.47,1.47,14175600,-0.06814580031695716
2020-01-06,1.45,1.4775,1.4,1.4625,1.4625,13579200,-0.005102040816326592
2020-01-07,1.4425,1.4575,1.36,1.38,1.38,20912000,-0.05641025641025643
2020-01-08,1.3725,1.4625,1.3525,1.43,1.43,22517600,0.03623188405797095
2020-01-09,1.455,1.455,1.37,1.3875,1.3875,10572000,-0.029720279720279685
2020-01-10,1.39,1.4,1.345,1.3575,1.3575,11125600,-0.021621621621621623
2020-01-13,1.3575,1.4025,1.3325,1.3575,1.3575,14500800,0.0
2020-01-14,1.195,1.25,1.1325,1.1775,1.1775,50247600,-0.13259668508287292
2020-01-15,1.165,1.1825,1.1375,1.1525,1.1525,19924400,-0.02123142250530774
2020-01-16,1.1525,1.1775,1.13,1.155,1.155,17148400,0.002169197396963085
2020-01-17,1.145,1.1875,1.1275,1.1875,1.1875,16078000,0.02813852813852802
2020-01-21,1.1875,1.1875,1.1375,1.1475,1.1475,14128400,-0.03368421052631587
2020-01-22,1.1375,1.16,1.115,1.14,1.14,10510000,-0.0065359477124183885
2020-01-23,1.1375,1.16,1.115,1.155,1.155,7520800,0.013157894736842257
2020-01-24,1.16,1.16,1.0625,1.08,1.08,16654400,-0.06493506493506485
2020-01-27,1.05,1.0875,1.04,1.07,1.07,8490000,-0.0092592592592593
2020-01-28,1.075,1.075,1.045,1.0525,1.0525,8579600,-0.016355140186915973
2020-01-29,1.055,1.08,1.0325,1.0325,1.0325,6210400,-0.019002375296912177
2020-01-30,1.025,1.03,0.97,0.9825,0.9825,12026000,-0.048426150121065326
2020-01-31,0.9775,0.985,0.9575,0.96,0.96,11566800,-0.022900763358778664
2020-02-03,0.97,0.995,0.9625,0.9875,0.9875,8102400,0.02864583333333348
2020-02-04,1.0075,1.0625,0.9925,1.0175,1.0175,14252400,0.030379746835442978
2020-02-05,1.0375,1.1025,1.035,1.045,1.045,10566800,0.027027027027026973
2020-02-06,1.05,1.075,1.035,1.035,1.035,6041200,-0.009569377990430672
2020-02-07,1.0275,1.0325,0.9425,0.9525,0.9525,10969200,-0.07971014492753614
2020-02-10,0.9625,1.025,0.935,0.985,0.985,11108000,0.034120734908136496
2020-02-11,0.995,1.06,0.9875,1.005,1.005,13660000,0.02030456852791862
2020-02-12,1.0325,1.1275,1.0175,1.0475,1.0475,19282400,0.042288557213930655
2020-02-13,1.03,1.065,1.0175,1.0275,1.0275,8326800,-0.019093078758949944
2020-02-14,1.0275,1.0475,1.005,1.005,1.005,6330800,-0.021897810218978297
2020-02-18,1.0025,1.02,0.99,1.015,1.015,5870400,0.00995024875621886
2020-02-19,1.015,1.0675,0.98,1.0375,1.0375,10372400,0.022167487684729315
2020-02-20,1.04,1.075,1.0275,1.035,1.035,6249200,-0.002409638554217053
2020-02-21,1.03,1.045,0.9975,1.01,1.01,6782800,-0.02415458937198056
2020-02-24,0.975,0.9825,0.925,0.925,0.925,14265200,-0.08415841584158412
2020-02-25,0.9425,0.9475,0.8875,0.89,0.89,17791600,-0.037837837837837895
2020-02-26,0.895,0.905,0.84,0.8475,0.8475,18899200,-0.047752808988763995
2020-02-27,0.8075,0.9075,0.795,0.8675,0.8675,15518000,0.02359882005899716
2020-02-28,0.835,0.93,0.835,0.9,0.9,18768800,0.03746397694524495
2020-03-02,0.9,0.9625,0.8475,0.9575,0.9575,12833600,0.06388888888888888
2020-03-03,0.97,0.9725,0.875,0.9075,0.9075,17130000,-0.052219321148825104
2020-03-04,0.9275,0.9575,0.865,0.9425,0.9425,17030400,0.038567493112947604
2020-03-05,0.925,0.9975,0.8975,0.99,0.99,14397600,0.05039787798408479
2020-03-06,0.96,1.0175,0.94,0.98,0.98,8387200,-0.010101010101010055
2020-03-09,0.8975,0.9925,0.875,0.925,0.925,10928000,-0.05612244897959173
2020-03-10,0.985,1.065,0.95,1.0575,1.0575,19452800,0.14324324324324333
2020-03-11,1.035,1.0625,1.0,1.035,1.035,17656400,-0.021276595744680993
2020-03-12,0.925,1.01,0.87,0.995,0.995,20493600,-0.03864734299516903
2020-03-13,1.0325,1.1625,0.9625,1.1475,1.1475,23148800,0.1532663316582914
2020-03-16,0.9825,1.1425,0.975,1.0925,1.0925,19466800,-0.04793028322440085
2020-03-17,1.1,1.1625,1.0275,1.0575,1.0575,14248800,-0.03203661327231111
2020-03-18,1.025,1.0625,0.875,0.9425,0.9425,14606800,-0.10874704491725773
2020-03-19,0.9275,1.05,0.8875,1.0475,1.0475,20158000,0.1114058355437666
2020-03-20,1.02,1.02,0.9125,0.94,0.94,30888800,-0.10262529832935574
2020-03-23,0.895,0.965,0.875,0.9525,0.9525,24039200,0.013297872340425565
2020-03-24,0.9875,1.0525,0.9725,1.04,1.04,27222400,0.09186351706036744
2020-03-25,1.0375,1.1225,1.01,1.0425,1.0425,14368400,0.0024038461538460343
2020-03-26,1.06,1.1775,1.06,1.1025,1.1025,24742800,0.05755395683453246
2020-03-27,1.235,1.2725,1.0375,1.055,1.055,28099200,-0.043083900226757454
2020-03-30,1.055,1.0675,0.9125,0.9125,0.9125,13402400,-0.13507109004739337
2020-03-31,0.9075,0.95,0.875,0.875,0.875,9203600,-0.041095890410958846
2020-04-01,0.8625,0.8725,0.78,0.8125,0.8125,18274800,-0.0714285714285714
2020-04-02,0.815,0.8375,0.7125,0.7125,0.7125,16257200,-0.12307692307692308
2020-04-03,0.7125,0.735,0.6425,0.7,0.7,15321600,-0.01754385964912286
2020-04-06,0.715,0.8,0.7075,0.7725,0.7725,13362000,0.10357142857142865
2020-04-07,0.8475,0.86,0.775,0.8175,0.8175,11347600,0.058252427184465994
2020-04-08,0.8075,0.9175,0.8,0.8525,0.8525,11538000,0.042813455657492394
2020-04-09,0.9,1.0625,0.8725,0.9725,0.9725,23634400,0.1407624633431086
2020-04-13,1.0625,1.19,1.04,1.185,1.185,27378000,0.21850899742930596
2020-04-14,1.3025,1.6175,1.285,1.4875,1.4875,54026400,0.2552742616033754
2020-04-15,1.415,1.4175,1.225,1.3175,1.3175,29999600,-0.11428571428571443
2020-04-16,1.28,1.36,1.22,1.2575,1.2575,13487600,-0.04554079696394675
2020-04-17,1.305,1.32,1.1075,1.22,1.22,22612800,-0.02982107355864816
2020-04-20,1.2125,1.475,1.195,1.4025,1.4025,24340000,0.14959016393442637
2020-04-21,1.3075,1.325,1.19,1.195,1.195,16568400,-0.14795008912655971
2020-04-22,1.285,1.2925,1.2075,1.2225,1.2225,10711200,0.023012552301255207
2020-04-23,1.1875,1.2225,1.145,1.175,1.175,9063600,-0.03885480572597122
2020-04-24,1.195,1.2125,1.165,1.1925,1.1925,8944800,0.014893617021276562
2020-04-27,1.2125,1.4975,1.2025,1.455,1.455,29100400,0.22012578616352219
2020-04-28,1.48,1.51,1.265,1.41,1.41,20800800,-0.030927835051546504
2020-04-29,1.4575,1.5225,1.3625,1.51,1.51,13478400,0.07092198581560294
2020-04-30,1.4675,1.495,1.41,1.4325,1.4325,8693200,-0.05132450331125826
2020-05-01,1.4125,1.545,1.3625,1.5125,1.5125,16022400,0.055846422338568846
2020-05-04,1.46,1.4825,1.35,1.37,1.37,16272400,-0.09421487603305778
2020-05-05,1.3875,1.4075,1.3375,1.3475,1.3475,8423600,-0.01642335766423375
2020-05-06,1.35,1.35,1.225,1.2325,1.2325,13478400,-0.0853432282003711
2020-05-07,1.2075,1.2325,1.1625,1.2175,1.2175,10003200,-0.012170385395537497
2020-05-08,1.22,1.2975,1.205,1.245,1.245,9410400,0.022587268993840004
2020-05-11,1.23,1.24,1.1875,1.19,1.19,6796800,-0.04417670682730934
2020-05-12,1.195,1.23,1.115,1.135,1.135,10556800,-0.04621848739495793
2020-05-13,1.135,1.135,1.0175,1.0525,1.0525,11531600,-0.07268722466960353
2020-05-14,1.0375,1.0475,0.99,1.0325,1.0325,8019600,-0.019002375296912177
2020-05-15,1.0125,1.1125,1.01,1.055,1.055,7762400,0.021791767554479424
2020-05-18,1.1,1.1575,1.09,1.145,1.145,9456800,0.08530805687203791
2020-05-19,1.145,1.1875,1.0925,1.11,1.11,7362800,-0.03056768558951961
2020-05-20,1.125,1.1725,1.085,1.1075,1.1075,10174400,-0.0022522522522524513
2020-05-21,1.1125,1.1625,1.1,1.11,1.11,7887600,0.0022573363431153126
2020-05-22,1.115,1.1225,1.0325,1.045,1.045,9519600,-0.05855855855855874
2020-05-26,1.085,1.1525,1.0825,1.105,1.105,14182800,0.05741626794258381
2020-05-27,1.1425,1.1775,1.09,1.1725,1.1725,12586400,0.06108597285067874
2020-05-28,1.1875,1.19,1.075,1.0825,1.0825,8735600,-0.07675906183368875
2020-05-29,1.0825,1.105,1.0125,1.015,1.015,15846800,-0.06235565819861444
2020-06-01,1.03,1.09,1.005,1.0325,1.0325,10446400,0.017241379310344973
2020-06-02,1.0675,1.0775,1.015,1.045,1.045,9477600,0.012106537530266248
2020-06-03,1.06,1.13,1.05,1.11,1.11,12149600,0.06220095693779926
2020-06-04,1.11,1.18,1.0925,1.1175,1.1175,14057200,0.006756756756756577
2020-06-05,1.0725,1.1025,1.0225,1.035,1.035,25097600,-0.0738255033557047
2020-06-08,1.07,1.285,1.0675,1.2525,1.2525,40534800,0.21014492753623193
2020-06-09,1.25,1.25,1.1375,1.24,1.24,32293600,-0.009980039920159611
2020-06-10,1.195,1.3825,1.17,1.2675,1.2675,42425600,0.022177419354838745
2020-06-11,1.16,1.225,1.045,1.0925,1.0925,24944000,-0.13806706114398426
2020-06-12,1.15,1.195,1.0975,1.18,1.18,17512800,0.08009153318077789
2020-06-15,1.125,1.1925,1.105,1.1725,1.1725,15636000,-0.0063559322033897026
2020-06-16,1.2375,1.2375,1.1275,1.16,1.16,12485200,-0.0106609808102347
2020-06-17,1.135,1.2075,1.1325,1.19,1.19,14374000,0.02586206896551735
2020-06-18,1.1675,1.2375,1.1625,1.2375,1.2375,13695200,0.0399159663865547
2020-06-19,1.2375,1.27,1.1725,1.22,1.22,29466400,-0.014141414141414232
2020-06-22,1.1975,1.2375,1.18,1.2175,1.2175,12715600,-0.002049180327868827
2020-06-23,1.2375,1.2475,1.2,1.2075,1.2075,12821600,-0.008213552361396315
2020-06-24,1.2075,1.21,1.095,1.1025,1.1025,11904800,-0.08695652173913038
2020-06-25,1.0825,1.135,1.075,1.115,1.115,9803200,0.011337868480725488
2020-06-26,1.12,1.125,1.0675,1.0875,1.0875,15204800,-0.024663677130044914
2020-06-29,1.0875,1.13,1.075,1.095,1.095,8524800,0.006896551724137945
2020-06-30,1.0825,1.1275,1.05,1.085,1.085,15556000,-0.0091324200913242
2020-07-01,1.0775,1.125,1.0775,1.11,1.11,9214800,0.023041474654378113
2020-07-02,1.1225,1.1275,1.0725,1.0725,1.0725,7550400,-0.03378378378378388
2020-07-06,1.0775,1.085,1.0475,1.06,1.06,8563600,-0.011655011655011593
2020-07-07,1.05,1.0625,1.015,1.0225,1.0225,9826400,-0.03537735849056611
2020-07-08,1.025,1.0725,1.0075,1.065,1.065,8211200,0.041564792176039145
2020-07-09,1.0675,1.08,1.0325,1.0525,1.0525,7970400,-0.011737089201877882
2020-07-10,1.05,1.095,1.045,1.085,1.085,5643200,0.030878859857482066
2020-07-13,1.0875,1.1375,1.065,1.065,1.065,16864800,-0.018433179723502335
2020-07-14,1.055,1.0775,1.0175,1.02,1.02,9046400,-0.04225352112676051
2020-07-15,1.0325,1.0725,1.0325,1.0475,1.0475,5896400,0.026960784313725616
2020-07-16,1.0475,1.05,1.0225,1.0425,1.0425,5320400,-0.004773269689737569
2020-07-17,1.04,1.0575,0.985,0.99,0.99,12263600,-0.05035971223021585
2020-07-20,0.9875,1.015,0.9425,0.9625,0.9625,13604400,-0.02777777777777779
2020-07-21,0.975,1.0225,0.97,1.0025,1.0025,13351600,0.04155844155844157
2020-07-22,1.005,1.03,0.98,1.0275,1.0275,10094000,0.02493765586034935
2020-07-23,1.0225,1.0775,1.015,1.0275,1.0275,12948800,0.0
2020-07-24,1.015,1.0575,1.0025,1.0075,1.0075,8863600,-0.019464720194647178
2020-07-27,1.005,1.03,0.9875,1.0025,1.0025,9890800,-0.004962779156327701
2020-07-28,0.99,1.0125,0.98,0.985,0.985,18221600,-0.0174563591022443
2020-07-29,0.985,1.045,0.98,1.015,1.015,11518400,0.030456852791878042
2020-07-30,1.0,1.0575,0.9925,1.025,1.025,9594000,0.009852216748768461
2020-07-31,1.015,1.04,0.9975,1.0025,1.0025,7517600,-0.02195121951219514
2020-08-03,1.0075,1.0625,1.0,1.0375,1.0375,10070400,0.034912718204488824
2020-08-04,1.0325,1.185,1.0325,1.1075,1.1075,41445600,0.06746987951807215
2020-08-05,1.125,1.19,1.0625,1.1575,1.1575,19677200,0.04514672686230248
2020-08-06,1.15,1.165,1.095,1.1075,1.1075,7604800,-0.043196544276457916
2020-08-07,1.0975,1.1,1.015,1.04,1.04,13364400,-0.06094808126410822
2020-08-10,1.05,1.1425,1.045,1.0825,1.0825,18247200,0.04086538461538458
2020-08-11,1.1075,1.1425,1.085,1.0875,1.0875,12555200,0.004618937644341736
2020-08-12,1.1,1.1575,1.09,1.13,1.13,12230400,0.03908045977011487
2020-08-13,1.13,1.1775,1.125,1.16,1.16,8513200,0.026548672566371723
2020-08-14,1.15,1.2075,1.1375,1.1875,1.1875,13897600,0.0237068965517242
2020-08-17,1.195,1.195,1.14,1.1575,1.1575,9484000,-0.025263157894736876
2020-08-18,1.1525,1.2175,1.1075,1.2025,1.2025,15337600,0.0388768898488121
2020-08-19,1.2,1.21,1.16,1.18,1.18,10450400,-0.018711018711018657
2020-08-20,1.155,1.17,1.1275,1.1525,1.1525,9764800,-0.02330508474576254
2020-08-21,1.15,1.4,1.15,1.2575,1.2575,42570400,0.09110629067245113
2020-08-24,1.275,1.2825,1.14,1.2175,1.2175,18341600,-0.031809145129224725
2020-08-25,1.22,1.3125,1.22,1.245,1.245,11994800,0.022587268993840004
2020-08-26,1.2425,1.305,1.23,1.2775,1.2775,11118800,0.02610441767068261
2020-08-27,1.2775,1.345,1.255,1.3125,1.3125,13537600,0.02739726027397249
2020-08-28,1.325,1.3925,1.305,1.3475,1.3475,16947600,0.026666666666666616
2020-08-31,1.4425,1.7875,1.4225,1.67,1.67,151904000,0.23933209647495368
2020-09-01,1.825,1.955,1.6925,1.9125,1.9125,92634400,0.14520958083832336
2020-09-02,1.95,2.0125,1.7775,1.9275,1.9275,52044400,0.007843137254901933
2020-09-03,1.97,2.1125,1.81,1.955,1.955,57378000,0.014267185473411104
2020-09-04,1.945,1.98,1.7925,1.9125,1.9125,30648000,-0.021739130434782594
2020-09-08,1.8875,2.07,1.87,1.925,1.925,39266400,0.006535947712418277
2020-09-09,1.99,1.9975,1.8275,1.8375,1.8375,36272400,-0.045454545454545525
2020-09-10,1.6625,1.7375,1.5475,1.5575,1.5575,62233200,-0.15238095238095228
2020-09-11,1.565,1.5825,1.4675,1.5225,1.5225,24244800,-0.022471910112359605
2020-09-14,1.7,1.75,1.6075,1.7275,1.7275,40476000,0.1346469622331692
2020-09-15,1.715,1.815,1.6725,1.7725,1.7725,22974000,0.026049204052098318
2020-09-16,1.7575,2.26,1.7575,2.17,2.17,77025200,0.2242595204513398
2020-09-17,2.1425,2.4425,2.1025,2.3,2.3,68106800,0.05990783410138234
2020-09-18,2.3,2.4425,2.2275,2.3675,2.3675,69630000,0.02934782608695663
2020-09-21,2.3375,2.4,2.095,2.1875,2.1875,30559200,-0.07602956705385433
2020-09-22,2.6125,2.7925,2.475,2.64,2.64,139010000,0.20685714285714285
2020-09-23,2.65,2.715,2.48,2.51,2.51,42604800,-0.04924242424242442
2020-09-24,2.4275,2.4525,2.2525,2.285,2.285,31755200,-0.08964143426294813
2020-09-25,2.2975,2.545,2.275,2.505,2.505,30060800,0.09628008752735218
2020-09-28,2.54,2.565,2.3875,2.5225,2.5225,27057200,0.00698602794411185
2020-09-29,2.5,2.6625,2.4825,2.5875,2.5875,20950400,0.025768087215064295
2020-09-30,2.5625,2.69,2.515,2.55,2.55,24316000,-0.01449275362318847
2020-10-01,2.5225,2.5625,2.4225,2.4425,2.4425,18216400,-0.042156862745098
2020-10-02,2.345,2.445,2.325,2.3475,2.3475,17362000,-0.03889457523029671
2020-10-05,2.36,2.3975,2.3125,2.365,2.365,11220000,0.007454739084132189
2020-10-06,2.39,2.46,2.275,2.2825,2.2825,18141600,-0.03488372093023251
2020-10-07,2.3075,2.39,2.2925,2.34,2.34,13234400,0.025191675794085322
2020-10-08,2.385,3.41,2.2975,3.3725,3.3725,305814400,0.44123931623931645
2020-10-09,3.2075,3.7,2.975,3.005,3.005,308611200,-0.1089696071163826
2020-10-12,2.915,3.1925,2.85,2.95,2.95,94622800,-0.01830282861896826
2020-10-13,2.9325,3.105,2.9125,2.97,2.97,40718800,0.006779661016949268
2020-10-14,3.1675,3.17,3.0125,3.0625,3.0625,43045600,0.031144781144781142
2020-10-15,2.9975,3.775,2.9975,3.4575,3.4575,159579200,0.12897959183673469
2020-10-16,3.4425,3.475,3.27,3.3275,3.3275,46606400,-0.037599421547360734
2020-10-19,3.36,3.625,3.345,3.4775,3.4775,52676400,0.04507888805409466
2020-10-20,3.5075,3.535,3.4175,3.465,3.465,26416000,-0.0035945363048167644
2020-10-21,3.475,3.605,3.45,3.525,3.525,21447600,0.017316017316017396
2020-10-22,3.55,3.9675,3.5475,3.7275,3.7275,64848800,0.057446808510638325
2020-10-23,3.7625,3.845,3.6375,3.75,3.75,26029200,0.006036217303822866
2020-10-26,3.7325,3.8625,3.315,3.3625,3.3625,53505200,-0.10333333333333339
2020-10-27,3.4275,3.4275,3.09,3.1725,3.1725,28924000,-0.05650557620817842
2020-10-28,3.0675,3.2625,2.945,2.955,2.955,25554400,-0.0685579196217494
2020-10-29,2.97,3.0625,2.92,2.9325,2.9325,16663200,-0.0076142131979695105
2020-10-30,2.91,2.91,2.59,2.6175,2.6175,46187600,-0.10741687979539638
2020-11-02,2.705,2.7725,2.625,2.6875,2.6875,20908000,0.026743075453677045
2020-11-03,2.6875,2.965,2.6575,2.8925,2.8925,29818000,0.07627906976744181
2020-11-04,2.94,2.9425,2.6525,2.7275,2.7275,23231600,-0.057044079515989665
2020-11-05,2.8175,2.96,2.765,2.8625,2.8625,18820800,0.04949587534372135
2020-11-06,2.88,3.0425,2.83,2.965,2.965,22072800,0.03580786026200866
2020-11-09,3.19,3.2325,2.8125,2.8725,2.8725,24979600,-0.0311973018549746
2020-11-10,2.875,2.915,2.7075,2.775,2.775,15304000,-0.03394255874673635
2020-11-11,2.875,2.9875,2.8025,2.9375,2.9375,19530400,0.05855855855855863
2020-11-12,2.935,2.9675,2.7425,2.7825,2.7825,17413200,-0.052765957446808454
2020-11-13,2.84,2.8875,2.75,2.7525,2.7525,14143600,-0.010781671159029727
2020-11-16,2.79,3.165,2.68,3.015,3.015,39099200,0.0953678474114441
2020-11-17,2.9125,2.98,2.8075,2.9075,2.9075,26712800,-0.03565505804311775
2020-11-18,2.95,3.01,2.89,2.8925,2.8925,12676800,-0.005159071367153989
2020-11-19,2.9,3.1975,2.8625,3.115,3.115,47150400,0.07692307692307687
2020-11-20,3.1375,3.365,3.135,3.1775,3.1775,33581600,0.02006420545746379
2020-11-23,3.225,3.53,3.1675,3.475,3.475,38396400,0.09362706530291098
2020-11-24,3.5575,3.565,3.325,3.4175,3.4175,28732800,-0.016546762589928043
2020-11-25,3.4,3.8125,3.355,3.6875,3.6875,35440400,0.07900512070226773
2020-11-27,3.8225,4.185,3.72,4.02,4.02,50016800,0.09016949152542364
2020-11-30,4.5425,4.855,4.14,4.14,4.14,127934000,0.029850746268656803
2020-12-01,4.2775,4.35,3.94,3.95,3.95,50615600,-0.045893719806763156
2020-12-02,3.925,4.17,3.845,4.145,4.145,31533600,0.049367088607594756
2020-12-03,4.12,4.16,3.9675,4.03,4.03,25180000,-0.0277442702050662
2020-12-04,4.075,4.3225,4.065,4.225,4.225,35890800,0.048387096774193505
2020-12-07,4.25,4.375,4.055,4.0875,4.0875,29545200,-0.032544378698224685
2020-12-08,4.0925,4.3025,3.9825,4.235,4.235,64480800,0.036085626911315005
2020-12-09,3.48,3.6825,3.3075,3.415,3.415,97431600,-0.19362455726092098
2020-12-10,3.28,3.6025,3.2625,3.53,3.53,30235600,0.03367496339677878
2020-12-11,3.4775,3.5,3.255,3.3275,3.3275,29987600,-0.05736543909348435
2020-12-14,3.335,3.3575,3.035,3.18,3.18,40028400,-0.04432757325319303
2020-12-15,3.195,3.505,3.12,3.4625,3.4625,32759200,0.08883647798742134
2020-12-16,3.49,3.5775,3.395,3.4625,3.4625,23460400,0.0
2020-12-17,3.49,3.745,3.3975,3.7075,3.7075,32779600,0.07075812274368243
2020-12-18,3.945,4.075,3.795,3.9075,3.9075,66475200,0.05394470667565754
2020-12-21,3.9525,4.0875,3.82,3.8825,3.8825,39504400,-0.0063979526551504184
2020-12-22,4.055,5.01,4.0375,4.865,4.865,122610800,0.25305859626529315
2020-12-23,5.0425,5.5875,4.7825,5.1425,5.1425,103321200,0.05704008221993839
2020-12-24,5.2525,5.37,4.9875,5.0375,5.0375,25048800,-0.020418084589207686
2020-12-28,5.3275,5.4925,5.0875,5.2475,5.2475,35863600,0.0416873449131514
2020-12-29,5.205,5.2675,4.64,4.845,4.845,36965600,-0.07670319199618869
2020-12-30,4.845,5.0,4.7125,4.815,4.815,23737600,-0.006191950464396134
2020-12-31,4.8125,4.95,4.7,4.71,4.71,27690800,-0.02180685358255463
2021-01-04,4.75,4.775,4.2875,4.3125,4.3125,40090000,-0.08439490445859876
2021-01-05,4.3375,4.52,4.3075,4.3425,4.3425,19846000,0.006956521739130528
2021-01-06,4.335,4.745,4.3325,4.59,4.59,24224800,0.05699481865284972
2021-01-07,4.6175,4.8625,4.505,4.52,4.52,24517200,-0.015250544662309462
2021-01-08,4.545,4.575,4.27,4.4225,4.4225,25928000,-0.02157079646017679
2021-01-11,4.8525,5.1625,4.7525,4.985,4.985,59632000,0.12719050310910118
2021-01-12,4.99,5.1,4.83,4.9875,4.9875,28242800,0.0005015045135405849
2021-01-13,5.105,9.6625,5.0075,7.85,7.85,578006800,0.5739348370927317
2021-01-14,9.5225,10.765,8.2625,9.9775,9.9775,374869600,0.27101910828025466
2021-01-15,9.6225,10.1875,8.5025,8.875,8.875,187465600,-0.11049862189927329
2021-01-19,10.3875,11.38,9.16,9.84,9.84,298887600,0.10873239436619708
2021-01-20,9.3425,10.2975,9.015,9.78,9.78,133887200,-0.0060975609756097615
2021-01-21,9.8075,11.1875,9.25,10.7575,10.7575,224867600,0.0999488752556239
2021-01-22,10.6475,19.190001,10.58,16.252501,16.252501,788631600,0.5108065070880778
2021-01-25,24.182501,39.794998,15.2825,19.1975,19.1975,711496000,0.1812028191845676
2021-01-26,22.139999,37.5,20.049999,36.994999,36.994999,714352000,0.9270737856491729
2021-01-27,88.707497,95.0,62.25,86.877502,86.877502,373586800,1.3483580037399112
2021-01-28,66.25,120.75,28.0625,48.400002,48.400002,235263200,-0.44289371948102285
2021-01-29,94.927498,103.495003,62.5,81.25,81.25,202264400,0.6787189388959116
2021-02-01,79.139999,80.5,53.0,56.25,56.25,149528800,-0.3076923076923077
2021-02-02,35.189999,39.5,18.555,22.5,22.5,312732400,-0.6
2021-02-03,28.002501,28.35,21.3125,23.102501,23.102501,170794000,0.026777822222222136
2021-02-04,22.797501,22.875,13.3325,13.375,13.375,249709200,-0.42105835208058207
2021-02-05,13.51,23.75,12.7725,15.9425,15.9425,325380000,0.19196261682243
2021-02-08,18.102501,18.165001,14.505,15.0,15.0,102749200,-0.059118707856358865
2021-02-09,14.1525,14.25,11.63,12.5775,12.5775,107372400,-0.16149999999999998
2021-02-10,12.6925,15.7075,11.6375,12.8,12.8,145820000,0.017690320015901317
2021-02-11,12.5025,13.83,12.055,12.775,12.775,52226800,-0.001953125
2021-02-12,12.6875,13.81,12.0125,13.1,13.1,58293200,0.02544031311154593
2021-02-16,13.165,13.375,12.26,12.3775,12.3775,32700000,-0.05515267175572525
2021-02-17,12.4425,12.7975,11.14,11.485,11.485,36747200,-0.07210664512219755
2021-02-18,12.1225,12.2175,10.1625,10.1725,10.1725,95962400,-0.11427949499346979
2021-02-19,10.32,10.9725,9.625,10.1475,10.1475,59312800,-0.0024576062914719587
2021-02-22,11.6725,12.1275,10.6,11.5,11.5,77904000,0.13328406011332827
2021-02-23,11.2425,11.5575,10.0,11.2425,11.2425,30260800,-0.022391304347826102
2021-02-24,11.175,22.9275,11.175,22.9275,22.9275,332446800,1.0393595730486989
2021-02-25,42.389999,46.169998,25.25,27.182501,27.182501,601235200,0.1855850397993677
2021-02-26,29.365,35.724998,21.5,25.434999,25.434999,368776800,-0.0642877563032187
2021-03-01,26.135,33.497501,24.9925,30.1,30.1,199176000,0.1834087353414089
2021-03-02,29.2325,33.299999,28.049999,29.545,29.545,135132000,-0.01843853820598007
2021-03-03,30.627501,31.9375,28.280001,31.045,31.045,77095600,0.050770011846336116
2021-03-04,31.25,36.967499,28.825001,33.087502,33.087502,130427600,0.06579165727170233
2021-03-05,32.0425,37.8825,31.875,34.435001,34.435001,122934800,0.04072531676764224
2021-03-08,38.7225,52.717499,36.525002,48.625,48.625,254262400,0.41208069080642695
2021-03-09,54.427502,62.462502,52.127499,61.724998,61.724998,156397200,0.26940869922879185
2021-03-10,67.357498,87.125,43.0,66.25,66.25,286282400,0.07330906677388627
2021-03-11,60.41,70.375,58.150002,65.0,65.0,113250000,-0.018867924528301883
2021-03-12,68.75,73.875,65.567497,66.125,66.125,103383600,0.017307692307692246
2021-03-15,69.379997,70.75,51.5,55.035,55.035,96401600,-0.16771266540642726
2021-03-16,50.790001,55.174999,43.087502,52.0425,52.0425,141691600,-0.05437448896156993
2021-03-17,54.459999,57.8675,51.0,52.452499,52.452499,65926400,0.007878157275303943
2021-03-18,53.5,54.720001,48.912498,50.4375,50.4375,47059600,-0.038415691118930395
2021-03-19,48.932499,56.75,45.665001,50.067501,50.067501,98709200,-0.007335791821561299
2021-03-22,51.314999,52.59,46.549999,48.622501,48.622501,40246000,-0.02886103702279852
2021-03-23,49.375,50.4375,44.387501,45.4375,45.4375,57716400,-0.06550467241493807
2021-03-24,39.494999,41.7425,29.655001,30.084999,30.084999,96711600,-0.33788172764786795
2021-03-25,30.872499,46.875,29.225,45.9375,45.9375,203849200,0.526923766891267
2021-03-26,49.419998,54.732498,40.814999,45.25,45.25,149722800,-0.014965986394557818
2021-03-29,45.1875,48.48,43.377499,45.325001,45.325001,40168800,0.0016574806629834349
2021-03-30,46.875,51.075001,45.5,48.615002,48.615002,68379600,0.07258689304827581
2021-03-31,49.375,49.865002,46.7775,47.455002,47.455002,33575200,-0.023860947285366696
2021-04-01,48.34,49.2425,45.900002,47.862499,47.862499,37337200,0.00858701891952296
2021-04-05,42.75,48.75,41.202499,46.737499,46.737499,56282000,-0.02350483203979803
2021-04-06,46.302502,48.0,45.889999,46.125,46.125,24873200,-0.013105087202034515
2021-04-07,45.805,46.125,44.0275,44.4925,44.4925,19073200,-0.03539295392953934
2021-04-08,46.470001,46.470001,41.075001,42.564999,42.564999,40189600,-0.04332193066247114
2021-04-09,42.424999,42.895,38.25,39.59,39.59,37849600,-0.06989308281200701
2021-04-12,39.5275,40.974998,33.752499,35.272499,35.272499,66734400,-0.10905534225814595
2021-04-13,35.470001,36.345001,33.0,35.247501,35.247501,27227600,-0.0007087107720947783
2021-04-14,35.892502,43.522499,35.75,41.6325,41.6325,84552400,0.18114756561039602
2021-04-15,40.75,41.5625,38.200001,39.110001,39.110001,31427200,-0.06058965952080719
2021-04-16,39.0,40.049999,37.8125,38.672501,38.672501,20858800,-0.011186397054809616
2021-04-19,42.950001,43.799999,40.5825,41.092499,41.092499,42080800,0.06257671310164303
2021-04-20,41.035,41.2225,38.34,39.6325,39.6325,18634400,-0.035529574387773266
2021-04-21,39.599998,40.744999,38.98,39.627499,39.627499,15251200,-0.00012618431842548183
2021-04-22,39.775002,39.775002,36.715,37.7925,37.7925,17383200,-0.046306202670019725
2021-04-23,37.25,38.415001,36.174999,37.794998,37.794998,16116400,6.60977707218624e-05
2021-04-26,37.744999,43.669998,37.189999,42.232498,42.232498,42128400,0.11740971649211351
2021-04-27,45.887501,47.0,43.2925,44.442501,44.442501,35730800,0.05232944070701184
2021-04-28,43.025002,45.494999,41.5075,44.645,44.645,23155600,0.004556426741150421
2021-04-29,44.139999,45.215,42.6875,44.047501,44.047501,15041200,-0.013383335199910529
2021-04-30,43.75,45.950001,43.174999,43.397499,43.397499,17734400,-0.014756841710497848
2021-05-03,44.372501,44.372501,39.9025,40.549999,40.549999,21044000,-0.06561438022039023
2021-05-04,39.75,40.372501,37.950001,40.182499,40.182499,16030000,-0.009062885550256139
2021-05-05,40.4575,41.375,39.5825,39.869999,39.869999,11221600,-0.007777017551845122
2021-05-06,40.215,41.18,38.900002,40.252499,40.252499,11771200,0.009593679698863378
2021-05-07,40.0275,41.852501,39.375,40.2775,40.2775,11738400,0.0006211042946675516
2021-05-10,40.327499,40.397499,35.75,35.805,35.805,19226800,-0.11104214511824229
2021-05-11,34.25,37.625,34.125,36.73,36.73,18738400,0.025834380673090296
2021-05-12,36.424999,37.625,35.557499,36.197498,36.197498,10926000,-0.01449774026681172
2021-05-13,36.860001,42.487499,36.607498,41.125,41.125,35494000,0.13612824842203164
2021-05-14,40.0,41.6175,39.055,39.98,39.98,17174000,-0.027841945288753833
2021-05-17,39.962502,45.625,39.75,45.150002,45.150002,29848400,0.1293147073536769
2021-05-18,43.634998,47.299999,42.067501,45.1675,45.1675,30954800,0.00038755258526901315
2021-05-19,42.997501,44.744999,41.037498,42.2075,42.2075,19303600,-0.06553384623899916
2021-05-20,42.697498,43.727501,41.724998,42.622501,42.622501,9912800,0.009832399455073082
2021-05-21,42.75,44.810001,42.5825,44.197498,44.197498,14618800,0.03695224266637953
2021-05-24,43.962502,47.115002,43.337502,45.002499,45.002499,18657200,0.01821372331981319
2021-05-25,45.25,54.2775,45.25,52.357498,52.357498,59550000,0.16343534611266808
2021-05-26,57.25,62.119999,56.387501,60.639999,60.639999,84479600,0.15819130623850675
2021-05-27,57.450001,66.0,56.75,63.532501,63.532501,62105200,0.04769957202670794
2021-05-28,65.7425,67.199997,55.357498,55.5,55.5,47005600,-0.12643136778135022
2021-06-01,58.369999,63.744999,56.767502,62.255001,62.255001,38502400,0.12171172972972966
2021-06-02,62.220001,73.5,61.075001,70.559998,70.559998,64076800,0.13340288919118315
2021-06-03,66.427498,68.607498,60.529999,64.544998,64.544998,32000000,-0.08524660105574244
2021-06-04,64.004997,66.25,61.442501,62.09,62.09,14550000,-0.03803544931553027
2021-06-07,64.5,70.5,63.799999,70.002502,70.002502,24206000,0.12743601224029644
2021-06-08,73.0,86.165001,70.25,75.0,75.0,69756400,0.07139027687896049
2021-06-09,75.779999,82.0,72.877502,75.639999,75.639999,53717200,0.008533319999999955
2021-06-10,70.5,72.0,52.75,55.0975,55.0975,91920800,-0.27158248640378757
2021-06-11,55.587502,60.282501,51.532501,58.334999,58.334999,62323200,0.05875945369572144
2021-06-14,59.125,59.502499,54.799999,57.360001,57.360001,28530400,-0.016713774178688245
2021-06-15,56.59,57.3125,52.0,55.625,55.625,29207600,-0.030247576181178903
2021-06-16,53.810001,57.182499,52.25,55.7425,55.7425,22259200,0.002112359550561882
2021-06-17,56.0,58.415001,55.369999,55.897499,55.897499,18434400,0.002780625196214803
2021-06-18,55.044998,55.872501,53.25,53.455002,53.455002,17281200,-0.04369599791933454
2021-06-21,54.237499,54.599998,49.25,50.092499,50.092499,20480800,-0.06290343044042923
2021-06-22,54.432499,56.470001,52.2925,55.099998,55.099998,32800800,0.09996504666297445
2021-06-23,55.362499,55.642502,53.529999,54.834999,54.834999,14220400,-0.0048094194123200484
2021-06-24,55.290001,56.862499,52.900002,53.077499,53.077499,15453200,-0.03205069813168049
2021-06-25,53.5,53.549999,49.625,52.377499,52.377499,50770800,-0.013188262694894592
2021-06-28,52.8125,56.112499,52.549999,53.3125,53.3125,19517600,0.017851195987803825
2021-06-29,53.397499,53.805,52.002499,52.720001,52.720001,9920000,-0.011113697538100764
2021-06-30,52.422501,53.82,51.735001,53.535,53.535,10158400,0.015459009570200744
2021-07-01,53.349998,54.2075,50.5,51.09,51.09,10968400,-0.045671056318296266
2021-07-02,51.200001,51.362499,49.125,50.7075,50.7075,10396400,-0.0074867880211392235
2021-07-06,51.0,51.192501,48.427502,49.889999,49.889999,11072400,-0.01612189518315832
2021-07-07,49.0,49.375,44.389999,47.665001,47.665001,16958000,-0.044598076660614994
2021-07-08,44.9575,48.555,44.875,47.845001,47.845001,11430000,0.0037763557374099754
2021-07-09,47.720001,48.695,46.6875,47.807499,47.807499,6331600,-0.0007838227446166357
2021-07-12,47.855,49.4375,46.855,47.3125,47.3125,6545200,-0.010354003249573918
2021-07-13,46.919998,47.197498,44.75,45.014999,45.014999,9591600,-0.04856012681638033
2021-07-14,45.122501,45.595001,41.267502,41.904999,41.904999,15655200,-0.06908808328530691
2021-07-15,40.0,42.997501,39.502499,41.705002,41.705002,17194400,-0.004772628678501922
2021-07-16,42.537498,44.8675,41.575001,42.259998,42.259998,13151600,0.013307660313743641
2021-07-19,40.825001,44.0,40.305,43.372501,43.372501,9747600,0.026325202381694224
2021-07-20,43.474998,48.41,43.105,47.794998,47.794998,12404400,0.10196545963535741
2021-07-21,46.947498,48.877499,45.5275,46.452499,46.452499,8916800,-0.028088692461081366
2021-07-22,46.325001,46.922501,44.037498,44.712502,44.712502,5652000,-0.037457554221141054
2021-07-23,45.25,45.400002,43.459999,45.09,45.09,5264800,0.008442784078600774
2021-07-26,45.09,46.509998,44.689999,45.985001,45.985001,5042400,0.01984921268573947
2021-07-27,45.75,46.25,44.165001,44.634998,44.634998,4859200,-0.029357463752148094
2021-07-28,43.93,44.279999,41.067501,42.279999,42.279999,16403200,-0.052761265946511426
2021-07-29,42.650002,43.4725,41.127499,41.215,41.215,8960000,-0.025189191702677083
2021-07-30,41.25,41.805,39.717499,40.279999,40.279999,9508400,-0.022685939585102677
2021-08-02,40.5,40.897499,38.764999,39.412498,39.412498,10131600,-0.021536768161290132
2021-08-03,39.185001,39.7225,37.049999,38.1875,38.1875,57802400,-0.03108146050524374
2021-08-04,38.182499,39.447498,36.422501,36.700001,36.700001,9574000,-0.038952510638297855
2021-08-05,37.0,39.400002,36.305,38.360001,38.360001,9648400,0.04523160639695889
2021-08-06,38.647499,39.125,37.577499,37.942501,37.942501,5410800,-0.010883732771539756
2021-08-09,37.950001,41.177502,37.665001,40.282501,40.282501,8996800,0.06167226562107753
2021-08-10,40.34,41.724998,38.837502,39.762501,39.762501,6493200,-0.012908831057932613
2021-08-11,39.607498,39.762501,38.654999,39.695,39.695,3781600,-0.001697604484184767
2021-08-12,39.970001,41.07,39.3325,40.587502,40.587502,5271200,0.022483990427005995
2021-08-13,40.1175,40.887501,39.352501,40.630001,40.630001,4059200,0.0010470957291237593
2021-08-16,40.25,42.470001,39.790001,40.982498,40.982498,6290400,0.008675781228752566
2021-08-17,40.297501,42.369999,40.275002,40.887501,40.887501,4863600,-0.0023179894988343275
2021-08-18,40.8125,41.400002,39.1875,39.262501,39.262501,5647200,-0.03974319682682492
2021-08-19,39.192501,39.497501,37.695,38.224998,38.224998,4786000,-0.026424781243558626
2021-08-20,38.450001,40.022499,38.310001,39.825001,39.825001,4619600,0.04185750382511477
2021-08-23,40.595001,41.822498,39.887501,41.2225,41.2225,5372000,0.035090997235630805
2021-08-24,41.572498,56.25,41.287498,52.572498,52.572498,58608800,0.27533502334889937
2021-08-25,51.662498,56.75,48.25,49.912498,49.912498,51444400,-0.05059679682711682
2021-08-26,50.169998,54.25,49.75,51.305,51.305,24954400,0.02789886412817899
2021-08-27,51.924999,53.25,50.005001,51.237499,51.237499,12923200,-0.0013156807328720266
2021-08-30,51.25,54.547501,50.755001,52.299999,52.299999,13238400,0.020736765469368423
2021-08-31,53.174999,55.575001,52.865002,54.560001,54.560001,14298800,0.04321227616084666
2021-09-01,56.0,57.860001,52.005001,53.2425,53.2425,17815200,-0.024147745158582423
2021-09-02,53.465,53.700001,51.575001,53.380001,53.380001,7408000,0.002582542142085753
2021-09-03,53.012501,54.067501,49.709999,50.6875,50.6875,10634400,-0.05044025757886361
2021-09-07,51.5625,52.474998,49.025002,49.75,49.75,9985200,-0.018495684340320562
2021-09-08,50.465,51.720001,47.669998,49.700001,49.700001,20694400,-0.0010050050251255715
2021-09-09,45.022499,50.5,44.5,49.794998,49.794998,30046000,0.0019114084122453523
2021-09-10,49.602501,50.540001,47.5,47.602501,47.602501,12170400,-0.044030466674584545
2021-09-13,48.4375,52.220001,47.875,50.849998,50.849998,17336400,0.06822114241434507
2021-09-14,50.162498,51.154999,48.75,49.810001,49.810001,8566400,-0.020452252525162362
2021-09-15,49.25,51.217499,48.4375,51.130001,51.130001,9241600,0.026500702138110732
2021-09-16,50.5825,54.137501,50.287498,51.592499,51.592499,12232800,0.009045530822500814
2021-09-17,52.005001,53.122501,50.195,51.2425,51.2425,15783600,-0.006783912521857061
2021-09-20,50.0,50.712502,46.137501,48.049999,48.049999,15767200,-0.06230181977850413
2021-09-21,49.84,49.84,46.5,47.487499,47.487499,10535200,-0.011706555914808625
2021-09-22,47.41,48.375,46.572498,47.535,47.535,9026400,0.0010002843064023104
2021-09-23,48.0825,48.9375,47.650002,47.810001,47.810001,6729200,0.00578523193436431
2021-09-24,47.75,47.93,46.0275,46.290001,46.290001,6743200,-0.031792511361796505
2021-09-27,46.48,48.012501,46.467499,47.369999,47.369999,5880400,0.023331129329636546
2021-09-28,47.0,47.702499,44.5,44.650002,44.650002,7082000,-0.05742024609289098
2021-09-29,45.022499,46.119999,43.6525,43.98,43.98,7599600,-0.015005643224831333
2021-09-30,43.75,46.362499,41.697498,43.8675,43.8675,12682800,-0.0025579809004092624
2021-10-01,44.849998,44.872501,43.0625,44.227501,44.227501,6204400,0.00820655382686497
2021-10-04,43.987499,44.237499,42.692501,42.84,42.84,4782800,-0.03137190590985439
2021-10-05,42.797501,43.2925,41.674999,43.044998,43.044998,5263600,0.004785200746965312
2021-10-06,42.514999,43.240002,41.452499,42.767502,42.767502,4801200,-0.0064466491553791805
2021-10-07,43.0,43.799999,42.634998,43.029999,43.029999,4637200,0.006137767878048983
2021-10-08,43.125,43.93,42.779999,43.169998,43.169998,3272800,0.0032535208750528177
2021-10-11,43.25,47.122501,43.25,44.525002,44.525002,10739600,0.031387631752959555
2021-10-12,45.125,45.445,43.450001,43.955002,43.955002,4934800,-0.012801796168363966
2021-10-13,44.575001,47.052502,44.0,46.014999,46.014999,7711600,0.046866042686108944
2021-10-14,45.939999,47.549999,45.650002,45.9575,45.9575,6695600,-0.0012495708192887811
2021-10-15,46.0,46.744999,45.220001,45.82,45.82,4800000,-0.0029918946853071393
2021-10-18,45.735001,47.467499,45.637501,46.505001,46.505001,6358400,0.014949825403753891
2021-10-19,47.247501,48.044998,46.099998,46.697498,46.697498,8282400,0.004139275257729835
2021-10-20,46.5825,47.0,45.494999,46.130001,46.130001,9107600,-0.012152621110450124
2021-10-21,46.177502,47.674999,45.150002,45.427502,45.427502,9609600,-0.015228679487780727
2021-10-22,44.525002,44.872501,41.950001,42.450001,42.450001,11201600,-0.06554401780665808
2021-10-25,42.355,43.700001,41.814999,43.4925,43.4925,5771200,0.024558279751277334
2021-10-26,43.34,46.25,43.125,44.459999,44.459999,8706800,0.022245191699718392
2021-10-27,45.0,45.772499,43.0825,43.377499,43.377499,4428000,-0.024347728842729066
2021-10-28,43.790001,45.785,43.75,45.712502,45.712502,6784800,0.05382982084790089
2021-10-29,45.702499,46.4375,44.5,45.877499,45.877499,9176000,0.0036094502112353766
2021-11-01,45.6325,52.142502,45.512501,50.022499,50.022499,19776800,0.09034930173504008
2021-11-02,49.837502,52.985001,47.922501,51.747501,51.747501,15529200,0.034484522654495864
2021-11-03,53.5,63.922501,52.0625,54.5825,54.5825,45062400,0.05478523494303622
2021-11-04,55.5,57.2425,52.887501,54.459999,54.459999,11632000,-0.0022443273943113518
2021-11-05,55.16,55.25,52.252499,53.3125,53.3125,7242800,-0.021070492491195303
2021-11-08,53.125,56.259998,53.002499,54.66,54.66,8631600,0.025275498241500438
2021-11-09,55.5,55.872501,51.110001,51.650002,51.650002,7381200,-0.05506765459202334
2021-11-10,50.529999,51.8475,49.125,49.797501,49.797501,5237600,-0.03586642649113558
2021-11-11,50.0,52.022499,49.537498,51.080002,51.080002,4317600,0.025754324499135173
2021-11-12,50.535,51.34,49.470001,50.525002,50.525002,3712000,-0.010865308893292513
2021-11-15,50.965,52.875,50.422501,52.285,52.285,5865600,0.03483419951175848
2021-11-16,52.255001,53.142502,50.907501,51.794998,51.794998,4858400,-0.009371750980204596
2021-11-17,51.575001,54.424999,51.5,52.5,52.5,5410800,0.013611391586500377
2021-11-18,52.5625,53.785,51.875,52.529999,52.529999,4017600,0.0005714095238094075
2021-11-19,52.285,57.3475,52.0625,57.200001,57.200001,12136800,0.08890161981537448
2021-11-22,57.615002,62.41,57.4375,61.887501,61.887501,17485600,0.08194929926662065
2021-11-23,60.959999,63.049999,53.139999,53.474998,53.474998,13380800,-0.13593218120085349
2021-11-24,54.3125,55.997501,52.0,52.945,52.945,5237600,-0.009911136415563737
2021-11-26,52.02,52.932499,49.799999,49.93,49.93,4941200,-0.05694588724147698
2021-11-29,51.0,51.977501,50.235001,50.502499,50.502499,4435200,0.011466032445423657
2021-11-30,50.025002,50.987499,47.0,49.052502,49.052502,6895600,-0.028711391093735883
2021-12-01,49.849998,50.0275,44.252499,44.959999,44.959999,9406000,-0.08343107554432172
2021-12-02,46.25,46.857498,43.267502,45.389999,45.389999,8348400,0.009564057152225525
2021-12-03,45.25,45.982498,39.762501,43.0975,43.0975,16386800,-0.05050669862319246
2021-12-06,41.5,43.334999,40.799999,41.779999,41.779999,8914400,-0.03057024189338131
2021-12-07,43.794998,45.494999,42.627499,44.452499,44.452499,7889600,0.0639660139771665
2021-12-08,44.150002,45.0625,42.990002,43.412498,43.412498,10444800,-0.023395782540819643
2021-12-09,41.75,43.172501,37.75,38.939999,38.939999,20337200,-0.10302330448710872
2021-12-10,39.9575,40.575001,37.0,39.752499,39.752499,18107600,0.020865434536862626
2021-12-13,40.0825,40.2225,33.767502,34.220001,34.220001,21944800,-0.13917359006788466
2021-12-14,32.75,37.592499,32.375,36.922501,36.922501,26048400,0.07897428173657839
2021-12-15,36.865002,38.0,35.279999,37.147499,37.147499,11064000,0.006093790883775929
2021-12-16,38.232498,38.610001,35.532501,36.147499,36.147499,8659200,-0.026919712683752928
2021-12-17,35.9375,39.642502,34.8325,38.91,38.91,17226800,0.07642301892034054
2021-12-20,38.297501,39.919998,37.424999,39.285,39.285,7314400,0.009637625289128815
2021-12-21,39.264999,40.0625,38.785,39.529999,39.529999,5720800,0.006236451571846713
2021-12-22,39.5825,39.787498,38.029999,38.5,38.5,4188800,-0.026056135240478895
2021-12-23,38.5,38.75,36.505001,38.035,38.035,4222000,-0.012077922077922132
2021-12-27,38.0,38.154999,35.0,37.077499,37.077499,6454400,-0.025174207966346618
2021-12-28,36.875,39.352501,36.602501,36.615002,36.615002,5324400,-0.012473791719339156
2021-12-29,36.962502,38.872501,35.535,38.482498,38.482498,8149600,0.051003574982735334
2021-12-30,37.75,40.0,37.5,38.8325,38.8325,6247600,0.009095095645818008
2021-12-31,38.404999,39.182499,37.025002,37.0975,37.0975,5576000,-0.04467907036631702
2022-01-03,37.307499,39.845001,37.302502,38.209999,38.209999,5654800,0.029988516746411564
2022-01-04,38.0425,38.247501,35.762501,37.227501,37.227501,7339600,-0.025713112423792706
2022-01-05,37.0975,37.212502,32.287498,32.342499,32.342499,13585600,-0.1312202503197838
2022-01-06,33.209999,34.424999,30.285,32.7575,32.7575,24206000,0.012831445090251137
2022-01-07,39.942501,40.077499,33.125,35.154999,35.154999,48549200,0.07318931542394869
2022-01-10,33.747501,33.922501,30.0,32.787498,32.787498,22048000,-0.06734464705858756
2022-01-11,32.525002,34.200001,31.8475,32.575001,32.575001,10332400,-0.006481037375892451
2022-01-12,32.5,32.830002,31.612499,32.014999,32.014999,6298000,-0.01719115833641871
2022-01-13,32.125,32.625,30.422501,30.620001,30.620001,8901200,-0.04357326389421423
2022-01-14,30.0375,30.575001,28.004999,29.1625,29.1625,15402000,-0.047599639203146915
2022-01-18,28.2775,28.4375,26.1,27.227501,27.227501,15022400,-0.06635230175739393
2022-01-19,27.502501,28.262501,26.102501,26.6425,26.6425,9614400,-0.021485666275432358
2022-01-20,26.975,28.799999,25.4,25.6675,25.6675,11680400,-0.03659566482124421
2022-01-21,25.25,27.5525,23.18,26.59,26.59,22120000,0.035940391545729033
2022-01-24,24.754999,25.715,21.5725,25.0375,25.0375,25039600,-0.05838661150808566
2022-01-25,24.23,26.2425,23.752501,24.9475,24.9475,14297200,-0.0035946080878681563
2022-01-26,25.275,29.75,25.077499,25.815001,25.815001,33330000,0.03477306343320952
2022-01-27,26.035,26.75,23.2225,23.379999,23.379999,14644400,-0.0943250786625961
2022-01-28,23.85,24.5,21.9025,24.477501,24.477501,16430400,0.046941918175445574
2022-01-31,24.467501,27.455,24.465,27.2325,27.2325,13997200,0.11255229853733839
2022-02-01,28.252501,29.1625,27.065001,28.15,28.15,13847600,0.03369136142476803
2022-02-02,27.5875,27.965,24.514999,25.01,25.01,13116400,-0.11154529307282401
2022-02-03,25.375,26.735001,24.4275,24.807501,24.807501,10710000,-0.008096721311475541
2022-02-04,24.752501,26.0,23.77,25.584999,25.584999,7627200,0.0313412463431928
2022-02-07,25.747499,26.344999,24.692499,25.584999,25.584999,7037600,0.0
2022-02-08,25.440001,29.4175,25.137501,28.9,28.9,19839600,0.12956815046191705
2022-02-09,28.522499,31.1775,28.25,31.0725,31.0725,15467600,0.07517301038062296
2022-02-10,29.487499,32.945,29.0,30.6175,30.6175,14826000,-0.014643173223911843
2022-02-11,30.620001,32.467499,30.192499,31.0625,31.0625,11299200,0.014534171633869608
2022-02-14,30.7325,31.375,29.0375,29.272499,29.272499,9102800,-0.057625786720321925
2022-02-15,30.24,31.807501,29.815001,31.540001,31.540001,7911600,0.07746185250531568
2022-02-16,31.1075,33.212502,30.98,32.0825,32.0825,8007600,0.01720034821812466
2022-02-17,31.692499,32.712502,30.555,30.852501,30.852501,6256400,-0.03833862697732415
2022-02-18,31.049999,31.4125,29.532499,30.3825,30.3825,6214000,-0.015233805518716337
2022-02-22,29.549999,30.8325,28.547501,29.514999,29.514999,6156400,-0.02855265366576154
2022-02-23,30.305,30.84,28.57,28.717501,28.717501,5393200,-0.02702009239437886
2022-02-24,26.3825,31.4275,26.030001,31.145,31.145,9024800,0.08453030087819968
2022-02-25,30.8925,31.2425,29.122499,29.645,29.645,6841200,-0.04816182372772515
2022-02-28,30.25,31.5725,29.2225,30.834999,30.834999,6458000,0.040141642772811625
2022-03-01,30.547501,31.467501,29.5875,29.754999,29.754999,4384000,-0.035025134912441525
2022-03-02,29.875,30.6675,29.092501,30.4925,30.4925,5242800,0.024785784734860705
2022-03-03,30.74,30.934999,29.307501,29.602501,29.602501,4382400,-0.029187472329261333
2022-03-04,29.502501,30.127501,27.645,27.915001,27.915001,5911200,-0.057005318570886976
2022-03-07,28.75,28.75,24.025,24.8375,24.8375,12591600,-0.11024541965805412
2022-03-08,25.2575,27.247499,24.272499,25.752501,25.752501,8536000,0.036839496728736876
2022-03-09,26.745001,27.215,25.875,26.3025,26.3025,5598400,0.021357110130779233
2022-03-10,25.98,26.014999,24.5625,25.139999,25.139999,5582000,-0.04419735766562105
2022-03-11,25.665001,25.725,23.172501,23.172501,23.172501,8822000,-0.07826165784652572
2022-03-14,23.3575,23.58,19.395,19.5275,19.5275,18134400,-0.1572985583213482
2022-03-15,20.525,21.889999,19.67,20.66,20.66,14115200,0.05799513506593268
2022-03-16,21.2775,22.502501,20.5,21.715,21.715,10615600,0.05106485963213947
2022-03-17,21.275,22.395,20.862499,21.924999,21.924999,13796400,0.009670688464195276
2022-03-18,19.934999,24.362499,19.725,22.6975,22.6975,35688400,0.035233798642362535
2022-03-21,22.5,24.85,22.440001,23.549999,23.549999,15812400,0.037559158497631806
2022-03-22,23.85,31.4475,23.612499,30.785,30.785,60068800,0.3072187391600314
2022-03-23,32.5,37.732498,31.637501,35.25,35.25,98399200,0.1450381679389312
2022-03-24,33.502499,35.869999,31.690001,35.5975,35.5975,36400800,0.009858156028368592
2022-03-25,35.009998,39.540001,34.549999,37.987499,37.987499,53535600,0.06713951822459441
2022-03-28,37.994999,47.709999,37.884998,47.397499,47.397499,65266000,0.24771307002864296
2022-03-29,47.060001,49.852501,40.75,44.974998,44.974998,72046000,-0.05111031280363554
2022-03-30,43.75,45.834999,41.25,41.712502,41.712502,36676800,-0.07254021445426184
2022-03-31,40.775002,43.9375,39.627499,41.645,41.645,44968800,-0.0016182678277125717
2022-04-01,47.224998,47.442501,38.814999,41.25,41.25,52758400,-0.009484932164725679
2022-04-04,41.744999,43.310001,39.127499,42.682499,42.682499,18519200,0.03472724848484843
2022-04-05,42.0,42.107498,38.0,38.397499,38.397499,15825200,-0.10039243484782834
2022-04-06,37.752499,39.822498,37.424999,39.16,39.16,16268000,0.019858090236553938
2022-04-07,38.5275,39.174999,35.392502,37.5,37.5,15311200,-0.042390194075587195
2022-04-08,37.272499,37.677502,35.5075,36.547501,36.547501,10371600,-0.025399973333333437
2022-04-11,35.759998,37.055,35.1525,36.732498,36.732498,9812000,0.005061823515648989
2022-04-12,36.625,38.0625,35.4175,36.217499,36.217499,7996400,-0.014020255306350315
2022-04-13,36.025002,38.032501,35.505001,37.674999,37.674999,8032800,0.040242977572802596
2022-04-14,37.317501,39.125,36.805,37.692501,37.692501,10002400,0.00046455210257612123
2022-04-18,37.5,37.810001,34.310001,35.365002,35.365002,9871200,-0.061749656781862394
2022-04-19,35.712502,38.244999,34.965,38.1175,38.1175,9416800,0.07783112807402093
2022-04-20,38.0,38.0825,36.662498,37.212502,37.212502,4648000,-0.023742323079950167
2022-04-21,37.5,38.279999,34.977501,35.389999,35.389999,6737600,-0.048975556655663666
2022-04-22,35.637501,36.575001,33.887501,34.555,34.555,6278400,-0.023594208069912748
2022-04-25,33.852501,34.927502,33.32,33.987499,33.987499,6139200,-0.01642312255824052
2022-04-26,33.91,34.200001,31.540001,31.9,31.9,6182800,-0.061419611957914344
2022-04-27,31.817499,33.169998,31.145,32.459999,32.459999,5223600,0.017554827586206967
2022-04-28,32.57,33.150002,30.125,32.327499,32.327499,7070000,-0.004081947137459907
2022-04-29,31.825001,32.7225,30.752501,31.2675,31.2675,5143600,-0.03278939085266086
2022-05-02,30.9125,31.3475,28.174999,29.8925,29.8925,10172000,-0.043975373790677175
2022-05-03,29.620001,31.1075,28.605,30.1075,30.1075,7312800,0.0071924395751443715
2022-05-04,29.8025,31.9375,28.93,31.77,31.77,6651200,0.05521879930249929
2022-05-05,30.985001,31.17,28.780001,29.782499,29.782499,7015600,-0.06255904941768964
2022-05-06,29.32,30.139999,27.557501,28.674999,28.674999,7161600,-0.0371862683517592
2022-05-09,27.695,27.695,24.52,24.6975,24.6975,13264800,-0.1387096473830739
2022-05-10,25.745001,26.514999,22.0,23.375,23.375,16603200,-0.05354792995242441
2022-05-11,23.3675,23.817499,20.0,20.3325,20.3325,16681200,-0.1301604278074866
2022-05-12,20.76,27.014999,19.442499,22.3925,22.3925,40139600,0.1013156276896594
2022-05-13,24.75,26.695,23.76,24.5975,24.5975,23930800,0.09847047002344533
2022-05-16,24.700001,24.795,22.695,22.950001,22.950001,11582000,-0.06697831080394345
2022-05-17,23.475,25.094999,22.799999,25.094999,25.094999,10444800,0.09346396106910859
2022-05-18,24.094999,24.959999,22.5425,22.870001,22.870001,11560000,-0.08866300413082318
2022-05-19,22.805,25.495001,22.540001,24.797501,24.797501,12720400,0.08428071341142496
2022-05-20,24.952499,25.602501,22.4375,23.915001,23.915001,9972000,-0.035588263510907825
2022-05-23,24.1425,24.32,22.875,24.032499,24.032499,6994000,0.0049131505367698836
2022-05-24,23.512501,23.549999,21.674999,22.2875,22.2875,8879600,-0.07260996869281056
2022-05-25,22.535,28.8675,22.535,28.7925,28.7925,40060000,0.29186763881099265
2022-05-26,29.0,37.115002,28.674999,32.115002,32.115002,57892400,0.11539470348180947
2022-05-27,35.25,35.924999,31.75,34.302502,34.302502,30045200,0.06811458395674386
2022-05-31,34.302502,34.982498,30.129999,31.184999,31.184999,19084400,-0.09088267089088709
2022-06-01,30.705,32.397499,29.252501,30.35,30.35,14991600,-0.026775662234268416
2022-06-02,29.75,34.125,28.889999,33.5,33.5,27918800,0.10378912685337727
2022-06-03,32.5,34.525002,31.057501,33.424999,33.424999,18234400,-0.0022388358208955683
2022-06-06,33.825001,34.025002,31.762501,32.025002,32.025002,9532800,-0.041884728253843706
2022-06-07,32.5,37.4725,31.5825,36.625,36.625,24967600,0.14363771156048633
2022-06-08,35.3475,38.25,33.9575,34.682499,34.682499,24473600,-0.05303756996587028
2022-06-09,34.697498,34.974998,31.834999,32.244999,32.244999,13114400,-0.07028040280488435
2022-06-10,31.5,32.982498,30.785,32.272499,32.272499,11820000,0.0008528454288370124
2022-06-13,30.127501,31.1425,28.575001,29.5625,29.5625,13792800,-0.08397239395684863
2022-06-14,29.3925,32.0,29.025,31.5425,31.5425,12739200,0.06697674418604649
2022-06-15,31.237499,32.990002,30.91,32.322498,32.322498,10764400,0.024728477451058106
2022-06-16,31.235001,32.322498,30.145,31.432501,31.432501,9995200,-0.02753490772897582
2022-06-17,31.715,33.965,31.58,33.785,33.785,12340800,0.07484288316733045
2022-06-21,34.555,36.349998,33.880001,35.07,35.07,12512400,0.03803463075329305
2022-06-22,34.6675,36.182499,34.107498,34.615002,34.615002,7838000,-0.012973994867408134
2022-06-23,35.41,35.997501,34.182499,35.505001,35.505001,6682800,0.025711366418525783
2022-06-24,35.75,37.092499,32.8825,33.802502,33.802502,16995600,-0.047950963302324734
2022-06-27,34.1175,34.262501,31.825001,32.422501,32.422501,9745600,-0.04082540990604777
2022-06-28,32.752499,32.8325,30.57,31.094999,31.094999,6610000,-0.04094384945812768
2022-06-29,30.387501,31.622499,29.897499,30.715,30.715,6826400,-0.012220582480160336
2022-06-30,29.842501,31.647499,29.440001,30.575001,30.575001,6718800,-0.0045580009767214325
2022-07-01,30.282499,31.2925,29.8225,30.855,30.855,6617200,0.009157775661233769
2022-07-05,30.375,30.620001,29.752501,30.057501,30.057501,6036000,-0.025846669907632513
2022-07-06,30.172501,30.57,28.342501,29.3575,29.3575,9988800,-0.023288729159486543
2022-07-07,31.122499,33.875,30.452499,33.779999,33.779999,30313600,0.15064290215447484
2022-07-08,31.665001,33.1675,30.627501,32.134998,32.134998,13199600,-0.04869748515978323
2022-07-11,32.139999,32.935001,31.1625,32.522499,32.522499,7532800,0.012058535058878883
2022-07-12,32.700001,35.647499,31.815001,34.279999,34.279999,16899600,0.054039512769298303
2022-07-13,33.75,36.337502,33.75,35.32,35.32,13703600,0.030338419788168647
2022-07-14,34.797501,37.987499,34.049999,34.049999,34.049999,20970400,-0.03595699320498302
2022-07-15,34.860001,35.592499,33.5075,35.41,35.41,9832400,0.039941293390346244
2022-07-18,36.25,37.400002,35.775002,36.66,36.66,11155200,0.03530076249646985
2022-07-19,37.435001,39.209999,36.587502,37.924999,37.924999,12828000,0.034506246590289225
2022-07-20,38.5,40.407501,38.349998,39.6875,39.6875,11400400,0.04647333016409583
2022-07-21,39.93,40.0,37.290001,38.3675,38.3675,9277600,-0.03325984251968506
2022-07-22,36.880001,38.700001,34.93,35.779999,35.779999,10060200,-0.06743991659607751
2022-07-25,35.0,35.509998,33.25,33.98,33.98,5686300,-0.05030740777829534
2022-07-26,32.869999,33.310001,32.099998,32.43,32.43,4866100,-0.04561506768687451
2022-07-27,32.959999,34.119999,32.16,33.779999,33.779999,4251200,0.04162809127351208
2022-07-28,33.389999,34.43,32.66,33.84,33.84,3207400,0.0017762285901785635
2022-07-29,33.68,34.790001,33.060001,34.009998,34.009998,3988800,0.0050235815602837075
2022-08-01,33.799999,35.709999,33.77,34.779999,34.779999,4196600,0.022640430616902574
2022-08-02,35.900002,36.799999,35.119999,35.84,35.84,4697100,0.03047731542487986
2022-08-03,36.220001,38.009998,36.0,37.93,37.93,5186500,0.058314732142856984
2022-08-04,38.34,39.889999,37.889999,38.360001,38.360001,5421500,0.011336699182704857
2022-08-05,37.369999,40.43,36.560001,40.02,40.02,8124200,0.04327421680724175
2022-08-08,41.290001,47.990002,40.75,43.450001,43.450001,17987100,0.08570717141429274
2022-08-09,42.139999,43.189999,39.0,40.369999,40.369999,6954200,-0.07088612034784536
2022-08-10,42.0,42.0,38.630001,40.529999,40.529999,5434700,0.003963339211378036
2022-08-11,40.91,41.970001,39.349998,39.450001,39.450001,5140500,-0.026646879512629562
2022-08-12,40.0,41.43,39.150002,40.740002,40.740002,5120000,0.03269964429151706
2022-08-15,39.75,40.389999,38.810001,39.68,39.68,5243100,-0.02601870269913087
2022-08-16,39.169998,45.529999,38.599998,42.189999,42.189999,23602800,0.06325602318548396
2022-08-17,42.18,44.360001,40.41,40.52,40.52,9766400,-0.03958281677133946
2022-08-18,39.27,40.07,37.34,37.93,37.93,8145400,-0.06391905231984218
2022-08-19,35.18,37.189999,34.669998,36.490002,36.490002,9551900,-0.03796461903506465
2022-08-22,34.310001,36.200001,34.200001,34.5,34.5,5798600,-0.05453554099558555
2022-08-23,34.700001,34.990002,33.450001,33.529999,33.529999,4836300,-0.028115971014492813
2022-08-24,34.0,34.939999,32.439999,32.5,32.5,5620300,-0.030718730412130246
2022-08-25,32.84,32.889999,31.5,31.959999,31.959999,4726300,-0.016615415384615417
2022-08-26,31.5,32.380001,30.629999,30.940001,30.940001,4297300,-0.03191483203738532
2022-08-29,30.48,32.75,30.379999,31.549999,31.549999,4292700,0.019715513260649242
2022-08-30,31.620001,31.870001,29.42,29.84,29.84,5060200,-0.054199653064965214
2022-08-31,29.25,29.959999,28.26,28.639999,28.639999,5157000,-0.04021451072386062
2022-09-01,28.0,28.91,26.950001,27.629999,27.629999,5293900,-0.03526536435982408
2022-09-02,28.26,28.74,26.93,27.360001,27.360001,4680100,-0.00977191493926588
2022-09-06,25.75,26.719999,24.67,25.139999,25.139999,7010200,-0.08114042101094954
2022-09-07,24.73,25.190001,23.42,24.040001,24.040001,12504700,-0.04375489434188118
2022-09-08,25.0,26.74,24.07,25.83,25.83,14142200,0.0744591899143432
2022-09-09,26.299999,29.08,26.1,28.92,28.92,7899800,0.11962833914053439
2022-09-12,29.030001,30.34,28.0,29.24,29.24,6175200,0.011065006915629283
2022-09-13,27.4,28.610001,27.32,27.85,27.85,3657200,-0.047537619699042355
2022-09-14,27.559999,28.450001,26.65,28.129999,28.129999,3605800,0.010053824057450589
2022-09-15,27.860001,29.07,27.860001,28.610001,28.610001,3329500,0.017063704836960625
2022-09-16,28.33,28.799999,27.780001,28.639999,28.639999,4656000,0.0010485144687690795
2022-09-19,28.34,29.65,28.15,28.959999,28.959999,3404000,0.011173184747667042
2022-09-20,29.280001,29.33,27.18,27.540001,27.540001,3145900,-0.04903308180362853
2022-09-21,27.450001,28.99,26.77,26.860001,26.860001,3859200,-0.024691357128127867
2022-09-22,27.17,27.27,24.379999,24.700001,24.700001,4346500,-0.08041697392341873
2022-09-23,24.15,25.15,24.059999,25.040001,25.040001,3622400,0.013765181628939915
2022-09-26,24.66,25.870001,24.120001,24.48,24.48,3440300,-0.02236425629535721
2022-09-27,25.469999,26.389999,25.129999,26.129999,26.129999,4487200,0.06740191993464051
2022-09-28,25.889999,27.5,25.620001,27.309999,27.309999,2630100,0.04515882300646079
2022-09-29,27.08,27.690001,24.690001,25.459999,25.459999,4118200,-0.06774075678289115
2022-09-30,25.030001,25.82,24.440001,25.129999,25.129999,3148300,-0.01296150875732549
2022-10-03,25.139999,25.629999,24.209999,25.379999,25.379999,2653900,0.009948269397066056
2022-10-04,25.950001,27.83,25.950001,27.6,27.6,4581900,0.08747049202011392
2022-10-05,26.77,26.98,25.43,26.389999,26.389999,2986400,-0.04384061594202904
2022-10-06,26.290001,27.0,25.799999,25.99,25.99,2418700,-0.015157219217780238
2022-10-07,25.84,25.84,24.42,25.35,25.35,3270600,-0.02462485571373596
2022-10-10,25.370001,26.5,24.75,25.0,25.0,2917600,-0.013806706114398493
2022-10-11,24.870001,26.299999,23.950001,25.27,25.27,4195900,0.01079999999999992
2022-10-12,25.959999,26.889999,25.27,25.360001,25.360001,3284400,0.003561574990106786
2022-10-13,24.42,26.59,23.91,25.559999,25.559999,3516200,0.007886356155900831
2022-10-14,25.77,26.370001,24.629999,24.629999,24.629999,2773500,-0.03638497794933404
2022-10-17,25.370001,26.41,25.24,25.959999,25.959999,3172200,0.053999190174550904
2022-10-18,27.1,27.74,26.129999,26.67,26.67,4402600,0.0273498084495305
2022-10-19,26.0,26.18,24.27,24.540001,24.540001,5318400,-0.07986497937757786
2022-10-20,24.65,25.450001,24.07,24.41,24.41,5148600,-0.0052975140465560955
2022-10-21,24.15,25.33,24.1,25.299999,25.299999,3036300,0.03646042605489552
2022-10-24,25.0,25.190001,24.110001,24.709999,24.709999,3114300,-0.023320159024512233
2022-10-25,24.82,27.790001,24.799999,26.870001,26.870001,7791600,0.08741408690465735
2022-10-26,26.370001,27.48,25.32,25.42,25.42,3858200,-0.053963563306156814
2022-10-27,25.75,26.33,25.200001,25.93,25.93,2422900,0.02006294256490948
2022-10-28,26.879999,28.790001,26.42,28.17,28.17,8089600,0.08638642499035876
2022-10-31,31.219999,34.990002,27.91,28.309999,28.309999,24027600,0.004969790557330489
2022-11-01,29.4,29.690001,27.620001,28.389999,28.389999,5147500,0.0028258566875964952
2022-11-02,27.9,28.75,26.5,26.620001,26.620001,4143900,-0.06234582819111767
2022-11-03,26.0,27.290001,26.0,26.290001,26.290001,3384400,-0.01239669374918495
2022-11-04,26.6,27.030001,25.34,26.51,26.51,4138000,0.008368162481241503
2022-11-07,26.25,26.299999,24.799999,25.76,25.76,3303600,-0.028291210863825023
2022-11-08,25.33,25.85,24.110001,25.139999,25.139999,4695100,-0.024068361801242277
2022-11-09,24.549999,24.67,21.889999,23.110001,23.110001,8464800,-0.08074773590882
2022-11-10,24.620001,25.700001,23.91,24.879999,24.879999,6107000,0.07659013082690924
2022-11-11,24.780001,26.120001,24.15,26.1,26.1,3986200,0.049035411938722406
2022-11-14,26.299999,27.379999,25.610001,26.049999,26.049999,4352200,-0.0019157471264368287
2022-11-15,26.59,28.24,26.27,27.59,27.59,5392000,0.05911712319067641
2022-11-16,26.620001,27.35,26.370001,27.139999,27.139999,2452300,-0.016310293584632096
2022-11-17,26.299999,27.76,26.15,27.76,27.76,2477700,0.02284454763612942
2022-11-18,28.16,28.700001,26.83,27.6,27.6,3087400,-0.0057636887608069065
2022-11-21,26.66,27.83,24.860001,25.16,25.16,4443300,-0.08840579710144936
2022-11-22,25.129999,26.450001,24.700001,26.299999,26.299999,4240400,0.04530997615262322
2022-11-23,25.92,27.139999,25.92,26.700001,26.700001,2737500,0.015209202099209174
2022-11-25,26.5,27.049999,26.139999,26.17,26.17,1122700,-0.019850223975646952
2022-11-28,25.790001,26.440001,25.209999,25.290001,25.290001,2440900,-0.033626251432938514
2022-11-29,25.58,26.35,25.32,25.6,25.6,2029500,0.012257769384825368
2022-11-30,25.9,26.23,24.91,26.209999,26.209999,3731100,0.023828085937499965
2022-12-01,26.0,27.5,25.18,26.6,26.6,7615200,0.014879855584885915
2022-12-02,26.25,27.870001,26.110001,27.52,27.52,4577200,0.03458646616541339
2022-12-05,27.309999,27.48,25.440001,25.559999,25.559999,4973700,-0.0712209665697674
2022-12-06,25.41,25.58,23.110001,23.389999,23.389999,7699300,-0.0848982818817795
2022-12-07,23.4,23.610001,21.969999,22.26,22.26,10078200,-0.04831120343356998
2022-12-08,22.0,25.0,21.969999,24.790001,24.790001,10252000,0.11365682839173408
2022-12-09,24.59,24.59,22.59,22.629999,22.629999,5326700,-0.08713198519031917
2022-12-12,22.66,23.15,22.18,22.67,22.67,3750800,0.0017676094462046876
2022-12-13,23.549999,23.700001,20.83,21.0,21.0,6305600,-0.07366563740626386
2022-12-14,21.190001,22.0,21.01,21.049999,21.049999,4604800,0.0023809047619047785
2022-12-15,20.74,21.440001,20.24,20.58,20.58,6444500,-0.022327744528634064
2022-12-16,20.48,21.120001,20.01,20.799999,20.799999,9379700,0.010689941690962268
2022-12-19,20.549999,20.889999,19.59,19.92,19.92,3700600,-0.042307646264790555
2022-12-20,19.860001,21.32,19.620001,20.26,20.26,4479000,0.017068273092369468
2022-12-21,20.4,20.9,20.18,20.559999,20.559999,2793600,0.01480745310957543
2022-12-22,20.5,20.5,18.5,19.809999,19.809999,5343100,-0.036478600996040944
2022-12-23,20.0,20.629999,19.65,20.08,20.08,3174800,0.01362953122814381
2022-12-27,19.91,19.99,18.0,18.200001,18.200001,4233000,-0.09362544820717122
2022-12-28,18.290001,18.700001,16.98,17.92,17.92,5672000,-0.015384669484358793
2022-12-29,18.120001,18.57,17.75,18.33,18.33,3442800,0.02287946428571419
2022-12-30,17.950001,18.58,17.9,18.459999,18.459999,2669500,0.007092144026186631
2023-01-03,18.639999,19.26,17.09,17.200001,17.200001,5135200,-0.06825558332912152
2023-01-04,17.25,17.93,16.9,17.32,17.32,3939300,0.006976685640890379
2023-01-05,17.059999,17.26,15.89,16.219999,16.219999,6066200,-0.06351045034642022
2023-01-06,16.0,16.57,15.41,16.459999,16.459999,4823400,0.014796548384497399
2023-01-09,16.65,17.129999,16.360001,16.379999,16.379999,3522600,-0.004860267609979707
2023-01-10,16.299999,18.09,16.25,17.77,17.77,4402800,0.08485965109033256
2023-01-11,18.190001,20.049999,17.860001,19.040001,19.040001,8405800,0.07146882386043907
2023-01-12,19.040001,20.629999,18.34,20.629999,20.629999,5877300,0.08350829393338799
2023-01-13,19.879999,21.110001,19.799999,20.49,20.49,5494400,-0.00678618549617982
2023-01-17,20.49,21.940001,20.370001,21.799999,21.799999,5407900,0.06393357735480731
2023-01-18,22.01,22.15,20.5,20.790001,20.790001,5632200,-0.04633018561147639
2023-01-19,20.440001,20.450001,18.82,19.040001,19.040001,4519200,-0.08417508012625874
2023-01-20,19.049999,20.07,18.9,19.610001,19.610001,3564300,0.02993697321759603
2023-01-23,19.5,22.49,19.370001,21.66,21.66,7181500,0.10453844443965088
2023-01-24,21.299999,22.09,21.0,21.4,21.4,2381600,-0.012003693444136765
2023-01-25,20.59,20.84,19.530001,20.23,20.23,3515800,-0.05467289719626156
2023-01-26,20.610001,21.17,19.379999,20.01,20.01,3520000,-0.010874938210578278
2023-01-27,19.799999,23.309999,19.41,22.82,22.82,11897200,0.1404297851074463
2023-01-30,22.5,23.48,21.129999,21.25,21.25,4950600,-0.06879929886064862
2023-01-31,21.41,22.049999,21.299999,21.870001,21.870001,3128400,0.029176517647058642
2023-02-01,21.49,22.120001,20.549999,21.83,21.83,4517200,-0.0018290351244154568
2023-02-02,22.440001,24.4,22.219999,22.700001,22.700001,7655700,0.039853458543289255
2023-02-03,22.01,23.93,21.799999,22.25,22.25,4935900,-0.01982383172582236
2023-02-06,21.879999,24.879999,21.77,23.860001,23.860001,8708400,0.07235959550561799
2023-02-07,23.0,23.049999,20.5,21.219999,21.219999,9093700,-0.11064551086984442
2023-02-08,21.43,21.549999,20.610001,21.1,21.1,2846400,-0.00565499555395832
2023-02-09,21.25,21.65,19.67,19.67,19.67,4497400,-0.06777251184834121
2023-02-10,19.559999,20.040001,19.049999,19.27,19.27,2902700,-0.020335536349771366
2023-02-13,19.299999,19.940001,19.01,19.690001,19.690001,2299300,0.02179558899844314
2023-02-14,19.309999,20.01,19.1,19.870001,19.870001,2746300,0.009141695828253082
2023-02-15,19.799999,21.799999,19.59,21.799999,21.799999,7137800,0.09713124825710895
2023-02-16,21.25,22.42,20.85,21.6,21.6,3879000,-0.009174266475883708
2023-02-17,21.27,22.07,21.15,21.99,21.99,2851000,0.01805555555555549
2023-02-21,21.33,21.83,20.629999,20.66,20.66,3100300,-0.06048203728967705
2023-02-22,20.530001,21.190001,20.33,20.52,20.52,2164900,-0.006776379477250738
2023-02-23,20.66,20.870001,19.530001,20.139999,20.139999,2862000,-0.018518567251461948
2023-02-24,19.709999,20.08,19.540001,19.540001,19.540001,2277600,-0.02979136195587695
2023-02-27,19.610001,19.700001,18.889999,19.1,19.1,4006700,-0.022517962000104252
2023-02-28,19.059999,19.52,18.950001,19.23,19.23,3373800,0.006806282722513046
2023-03-01,18.92,19.09,18.139999,18.15,18.15,4210100,-0.05616224648985968
2023-03-02,18.15,18.4,17.620001,18.190001,18.190001,2622100,0.002203911845729989
2023-03-03,18.190001,19.1,18.1,18.700001,18.700001,2505500,0.028037381636207837
2023-03-06,18.52,19.5,18.52,18.65,18.65,2815300,-0.00267385012439314
2023-03-07,18.540001,18.84,18.059999,18.059999,18.059999,2375300,-0.0316354423592492
2023-03-08,18.049999,18.379999,17.629999,18.17,18.17,3277800,0.006090864124632667
2023-03-09,18.07,18.379999,17.48,17.52,17.52,2652600,-0.03577325261419939
2023-03-10,17.530001,17.77,16.85,17.25,17.25,2845500,-0.015410958904109595
2023-03-13,16.77,17.35,16.52,16.75,16.75,2959100,-0.02898550724637683
2023-03-14,17.370001,17.41,16.4,16.91,16.91,3077400,0.009552238805970115
2023-03-15,16.5,16.690001,15.7,15.95,15.95,4541500,-0.05677114133648731
2023-03-16,16.0,16.77,15.53,16.76,16.76,4083000,0.05078369905956137
2023-03-17,16.620001,16.719999,15.92,16.6,16.6,5105500,-0.009546539379474916
2023-03-20,16.65,17.27,16.25,16.870001,16.870001,4463700,0.01626512048192752
2023-03-21,17.15,18.35,17.139999,17.65,17.65,15882900,0.04623585973705624
2023-03-22,26.6,27.0,23.049999,23.870001,23.870001,66764700,0.35240798866855516
2023-03-23,22.57,24.59,22.129999,22.58,22.58,11168900,-0.054042771091630915
2023-03-24,22.32,23.99,22.1,23.98,23.98,8756400,0.062001771479185175
2023-03-27,23.99,24.01,22.690001,23.0,23.0,4580800,-0.04086738949124269
2023-03-28,22.969999,23.540001,22.219999,23.15,23.15,5711700,0.006521739130434634
2023-03-29,23.08,23.700001,22.219999,22.459999,22.459999,4161400,-0.029805658747300123
2023-03-30,22.6,22.83,22.110001,22.5,22.5,3477600,0.0017809885031607742
2023-03-31,22.35,23.07,22.15,23.02,23.02,3880300,0.023111111111111082
2023-04-03,22.940001,23.85,22.66,23.17,23.17,4274500,0.006516072980017551
2023-04-04,22.75,23.139999,22.09,22.35,22.35,3421500,-0.035390591281829975
2023-04-05,22.469999,22.469999,21.23,22.07,22.07,3638100,-0.012527964205816589
2023-04-06,22.0,22.67,21.77,22.4,22.4,2506900,0.014952424105119988
2023-04-10,21.85,22.43,21.82,22.370001,22.370001,2176100,-0.0013392410714285763
2023-04-11,22.57,23.17,22.42,22.690001,22.690001,2540000,0.014304871957761645
2023-04-12,22.9,23.280001,22.26,22.26,22.26,2141100,-0.018951123007883375
2023-04-13,22.5,22.85,22.33,22.549999,22.549999,1803900,0.013027807726864182
2023-04-14,22.74,23.25,22.32,22.459999,22.459999,2312400,-0.003991130997389347
2023-04-17,22.27,22.68,22.139999,22.280001,22.280001,2066600,-0.008014158860826348
2023-04-18,22.139999,22.32,21.5,21.610001,21.610001,2748700,-0.030071811935735493
2023-04-19,21.280001,21.870001,20.959999,21.309999,21.309999,2539500,-0.01388255373056202
2023-04-20,20.879999,21.57,20.059999,20.219999,20.219999,2977400,-0.05114969737915054
2023-04-21,20.200001,20.620001,20.1,20.49,20.49,2085900,0.013353165843380976
2023-04-24,20.15,20.41,19.809999,19.93,19.93,2742400,-0.027330405075646547
2023-04-25,19.74,20.040001,18.91,19.0,19.0,2560800,-0.04666332162568987
2023-04-26,18.98,19.23,18.65,18.65,18.65,2287600,-0.018421052631579005
2023-04-27,18.75,19.34,18.719999,18.940001,18.940001,2238900,0.015549651474530801
2023-04-28,18.92,19.719999,18.879999,19.290001,19.290001,2835200,0.018479407683241522
2023-05-01,19.16,19.25,18.459999,18.549999,18.549999,2356600,-0.03836194720777886
2023-05-02,18.450001,18.58,18.059999,18.58,18.58,1918300,0.0016173046693963578
2023-05-03,18.559999,19.200001,18.530001,18.9,18.9,3184000,0.017222820236813874
2023-05-04,19.25,19.48,18.92,19.35,19.35,2041800,0.023809523809523947
2023-05-05,19.620001,20.879999,19.51,20.42,20.42,4353700,0.05529715762273901
2023-05-08,20.459999,20.99,20.09,20.51,20.51,2402800,0.004407443682663992
2023-05-09,20.16,20.65,20.120001,20.24,20.24,1522700,-0.013164310092637854
2023-05-10,20.450001,20.959999,20.379999,20.76,20.76,2139900,0.025691699604743157
2023-05-11,20.690001,21.16,20.51,20.879999,20.879999,1652500,0.005780298651252513
2023-05-12,20.83,20.98,20.23,20.690001,20.690001,2003900,-0.00909952150859794
2023-05-15,20.620001,21.629999,20.49,21.620001,21.620001,2602000,0.04494924867330852
2023-05-16,21.5,22.1,21.42,21.99,21.99,2498000,0.017113736488726383
2023-05-17,21.99,23.25,21.9,22.870001,22.870001,4573000,0.04001823556161899
2023-05-18,22.9,23.299999,22.68,23.049999,23.049999,2144400,0.007870485007849481
2023-05-19,22.940001,22.99,21.75,22.059999,22.059999,2665900,-0.04295011032321516
2023-05-22,22.1,24.360001,21.99,24.209999,24.209999,6251600,0.0974614731396859
2023-05-23,23.889999,23.9,22.799999,23.16,23.16,3786500,-0.04337046854070503
2023-05-24,23.129999,23.52,22.73,23.27,23.27,1901000,0.004749568221070755
2023-05-25,23.5,23.690001,22.709999,23.35,23.35,2494400,0.003437902879243726
2023-05-26,23.469999,23.709999,23.059999,23.25,23.25,2261900,-0.004282655246252709
2023-05-30,23.35,24.690001,23.299999,24.57,24.57,5037800,0.0567741935483872
2023-05-31,24.51,24.799999,23.879999,24.049999,24.049999,4265200,-0.021164061864061834
2023-06-01,24.040001,24.66,23.780001,24.1,24.1,3845000,0.0020790437454905053
2023-06-02,24.290001,24.93,24.280001,24.639999,24.639999,3293100,0.022406597510373327
2023-06-05,24.530001,25.84,24.16,24.309999,24.309999,4201900,-0.013392857686398418
2023-06-06,24.01,25.25,24.0,24.690001,24.690001,3984300,0.015631510309811025
2023-06-07,26.200001,26.549999,25.07,26.110001,26.110001,18001100,0.05751316089456626
2023-06-08,20.299999,22.0,20.1,21.440001,21.440001,19213300,-0.1788586679870292
2023-06-09,21.780001,23.43,21.5,22.68,22.68,10321200,0.05783577155616748
2023-06-12,22.85,24.299999,22.74,24.299999,24.299999,7131400,0.07142852733686067
2023-06-13,26.200001,27.65,25.030001,26.950001,26.950001,17160600,0.10905358473471538
2023-06-14,26.719999,27.08,24.9,25.700001,25.700001,7243700,-0.046382187518286155
2023-06-15,25.41,26.17,24.639999,24.84,24.84,5501800,-0.03346307262789605
2023-06-16,25.02,25.110001,24.42,24.559999,24.559999,4427000,-0.011272181964573247
2023-06-20,24.41,24.65,23.719999,24.58,24.58,3250700,0.0008143729973277836
2023-06-21,24.84,25.1,24.1,24.43,24.43,2404700,-0.0061025223759153535
2023-06-22,24.129999,24.33,23.76,24.32,24.32,1889600,-0.004502660663119107
2023-06-23,23.780001,24.15,23.68,23.700001,23.700001,2230800,-0.025493379934210525
2023-06-26,23.379999,24.030001,22.91,23.02,23.02,2525200,-0.028692024105821834
2023-06-27,23.290001,23.6,23.0,23.58,23.58,2141500,0.024326672458731435
2023-06-28,23.440001,25.1,23.4,24.98,24.98,3493900,0.059372349448685524
2023-06-29,24.959999,25.469999,24.620001,24.9,24.9,3101000,-0.0032025620496397567
2023-06-30,24.969999,25.129999,24.25,24.25,24.25,2797500,-0.026104417670682722
2023-07-03,24.290001,25.110001,24.209999,24.91,24.91,1806600,0.027216494845360817
2023-07-05,24.639999,24.85,23.790001,23.9,23.9,2263100,-0.04054596547571265
2023-07-06,23.52,23.57,22.82,22.83,22.83,2384600,-0.04476987447698744
2023-07-07,22.969999,23.530001,22.67,22.709999,22.709999,2439600,-0.005256285589137044
2023-07-10,22.610001,23.559999,22.0,23.540001,23.540001,3318200,0.0365478659862557
2023-07-11,23.200001,24.440001,23.200001,23.91,23.91,3063500,0.015717883784287068
2023-07-12,24.25,24.309999,23.440001,23.440001,23.440001,1742200,-0.01965700543705573
2023-07-13,23.540001,23.98,23.42,23.459999,23.459999,1912200,0.000853156960189505
2023-07-14,23.49,23.719999,22.940001,22.969999,22.969999,2175300,-0.020886616406079028
2023-07-17,22.879999,23.309999,22.700001,22.82,22.82,2026000,-0.006530213606017132
2023-07-18,22.719999,23.799999,22.68,23.08,23.08,2345100,0.011393514460999121
2023-07-19,23.42,23.58,22.959999,23.17,23.17,2250100,0.0038994800693241682
2023-07-20,23.01,23.219999,22.66,22.91,22.91,2256700,-0.011221406991799854
2023-07-21,23.049999,23.219999,22.16,22.18,22.18,3134100,-0.03186381492797907
2023-07-24,22.42,23.040001,22.200001,23.040001,23.040001,2970400,0.03877371505861138
2023-07-25,23.1,23.1,22.530001,22.85,22.85,1672000,-0.008246570822631472
2023-07-26,22.700001,22.99,22.48,22.700001,22.700001,1489200,-0.006564507658643359
2023-07-27,22.940001,23.49,22.129999,22.219999,22.219999,3370900,-0.021145461623547912
2023-07-28,22.02,22.49,21.790001,21.93,21.93,2642100,-0.013051260713378143
2023-07-31,22.0,22.379999,21.85,22.200001,22.200001,1973400,0.012311947104423293
2023-08-01,21.950001,22.0,21.26,21.5,21.5,2567100,-0.03153157515623539
2023-08-02,21.15,21.15,20.34,20.83,20.83,2625800,-0.03116279069767447
2023-08-03,20.879999,21.18,20.74,20.93,20.93,1318700,0.004800768122899646
2023-08-04,20.950001,21.889999,20.889999,20.98,20.98,2400500,0.0023889154323937234
2023-08-07,20.9,21.24,20.48,21.07,21.07,1441300,0.004289799809342298
2023-08-08,20.700001,20.9,20.280001,20.74,20.74,1431300,-0.015662078785002476
2023-08-09,20.85,20.85,19.82,19.93,19.93,2929600,-0.039054966248794565
2023-08-10,20.0,20.290001,19.870001,20.190001,20.190001,1432400,0.013045709984947251
2023-08-11,20.030001,20.379999,19.969999,20.190001,20.190001,1500200,0.0
2023-08-14,19.75,20.01,19.08,19.959999,19.959999,3329300,-0.011391876602680706
2023-08-15,19.77,19.780001,19.09,19.33,19.33,2290300,-0.031563077733621214
2023-08-16,19.18,19.34,18.549999,18.59,18.59,3015600,-0.03828246249353329
2023-08-17,18.790001,18.809999,18.299999,18.379999,18.379999,2056800,-0.011296449704141898
2023-08-18,18.18,18.66,18.139999,18.360001,18.360001,2023900,-0.0010880305270963841
2023-08-21,18.299999,18.82,18.200001,18.48,18.48,2864700,0.006535892890201955
2023-08-22,18.620001,18.620001,17.25,17.26,17.26,3791900,-0.06601731601731597
2023-08-23,17.25,17.34,16.879999,16.889999,16.889999,2909100,-0.021436906141367396
2023-08-24,16.940001,16.98,16.18,16.360001,16.360001,3624500,-0.0313793979502307
2023-08-25,16.5,17.18,16.450001,17.129999,17.129999,3423500,0.047065889543649764
2023-08-28,17.35,18.110001,17.25,17.57,17.57,3007400,0.02568599099159319
2023-08-29,17.6,18.549999,17.6,18.24,18.24,2709200,0.038133181559476315
2023-08-30,18.200001,18.52,17.91,18.370001,18.370001,1884500,0.007127247807017456
2023-08-31,18.41,19.42,18.15,18.549999,18.549999,4674100,0.00979847524232591
2023-09-01,18.66,18.73,18.32,18.42,18.42,2131800,-0.007008032722804924
2023-09-05,18.450001,19.34,18.26,19.23,19.23,3781300,0.043973941368078195
2023-09-06,19.059999,19.15,18.42,18.75,18.75,6107200,-0.0249609984399376
2023-09-07,19.129999,19.48,17.610001,18.889999,18.889999,5021300,0.007466613333333205
2023-09-08,18.15,18.5,17.35,17.709999,17.709999,4689200,-0.06246691701783569
2023-09-11,17.85,17.85,16.9,17.02,17.02,3543800,-0.038960984695707745
2023-09-12,17.530001,18.5,17.190001,17.23,17.23,5179400,0.012338425381903662
2023-09-13,17.309999,17.93,17.27,17.809999,17.809999,3012600,0.03366215902495662
2023-09-14,17.799999,18.52,17.6,18.33,18.33,3078000,0.029197138079569696
2023-09-15,18.360001,18.610001,18.15,18.219999,18.219999,6158000,-0.006001145662847596
2023-09-18,17.99,18.1,17.35,17.549999,17.549999,3694600,-0.03677277918621191
2023-09-19,17.59,17.639999,17.129999,17.52,17.52,2584200,-0.001709344826743342
2023-09-20,17.629999,17.93,17.450001,17.52,17.52,2129800,0.0
2023-09-21,17.280001,17.32,16.65,17.02,17.02,2910700,-0.028538812785388168
2023-09-22,17.18,17.35,17.0,17.18,17.18,2100300,0.009400705052879044
2023-09-25,17.0,17.719999,16.85,17.67,17.67,2181200,0.028521536670547354
2023-09-26,17.379999,17.82,16.780001,16.780001,16.780001,2726800,-0.050367798528579644
2023-09-27,16.870001,17.26,16.809999,17.15,17.15,1681300,0.022049998685935712
2023-09-28,18.02,18.1,16.440001,16.84,16.84,7431900,-0.018075801749271037
2023-09-29,17.049999,17.26,16.4,16.459999,16.459999,3388600,-0.022565380047505967
2023-10-02,16.299999,16.309999,15.26,15.39,15.39,6087700,-0.06500601853013477
2023-10-03,15.29,15.29,14.57,14.6,14.6,4510300,-0.05133203378817419
2023-10-04,14.77,14.94,14.44,14.87,14.87,2586400,0.018493150684931514
2023-10-05,14.7,14.98,14.58,14.71,14.71,1945100,-0.010759919300605159
2023-10-06,14.59,15.26,14.58,15.08,15.08,2458300,0.02515295717199173
2023-10-09,14.77,15.5,14.72,15.4,15.4,2276300,0.021220159151193574
2023-10-10,15.5,16.190001,15.4,16.0,16.0,2915900,0.03896103896103886
2023-10-11,16.01,16.09,15.74,15.82,15.82,2098200,-0.011249999999999982
2023-10-12,15.77,15.8,14.82,15.09,15.09,3180300,-0.04614412136536028
2023-10-13,14.92,15.11,14.78,14.92,14.92,1823300,-0.011265738899933764
2023-10-16,14.81,14.93,14.15,14.43,14.43,3508600,-0.032841823056300234
2023-10-17,14.25,14.83,14.1,14.12,14.12,3842400,-0.021483021483021503
2023-10-18,14.0,14.25,13.81,13.85,13.85,4045800,-0.01912181303116145
2023-10-19,13.8,13.85,12.9,13.16,13.16,5808000,-0.049819494584837476
2023-10-20,13.18,13.8,13.12,13.44,13.44,3657600,0.02127659574468077
2023-10-23,13.28,13.59,13.04,13.44,13.44,2785500,0.0
2023-10-24,13.59,14.3,13.55,14.04,14.04,3738300,0.044642857142857206
2023-10-25,14.01,14.01,13.61,13.71,13.71,1967300,-0.02350427350427342
2023-10-26,13.73,13.8,13.41,13.5,13.5,2036400,-0.015317286652078876
2023-10-27,13.51,13.62,13.02,13.12,13.12,2481700,-0.028148148148148255
2023-10-30,13.15,13.27,12.59,12.8,12.8,3475900,-0.024390243902438935
2023-10-31,12.85,13.9,12.82,13.77,13.77,4574600,0.07578124999999991
2023-11-01,13.78,13.8,13.01,13.01,13.01,3430100,-0.05519244734931006
2023-11-02,13.37,13.7,13.28,13.64,13.64,3566600,0.04842428900845519
2023-11-03,13.9,14.4,13.83,13.87,13.87,2963100,0.016862170087976525
2023-11-06,13.99,14.05,13.49,13.53,13.53,2164400,-0.024513338139870222
2023-11-07,13.47,13.79,13.23,13.64,13.64,2354400,0.008130081300813163
2023-11-08,13.51,13.76,13.28,13.28,13.28,1705600,-0.026392961876832932
2023-11-09,13.25,13.32,12.7,12.7,12.7,2750100,-0.04367469879518071
2023-11-10,12.81,12.97,12.35,12.54,12.54,3872400,-0.012598425196850394
2023-11-13,12.5,12.53,11.83,12.14,12.14,4318500,-0.03189792663476865
2023-11-14,12.75,13.39,12.69,12.9,12.9,5187500,0.06260296540362442
2023-11-15,13.15,13.5,13.03,13.27,13.27,4121600,0.028682170542635665
2023-11-16,13.14,13.19,12.52,12.53,12.53,3425800,-0.05576488319517714
2023-11-17,12.52,13.06,12.52,13.03,13.03,3414200,0.03990422984836384
2023-11-20,13.0,13.2,12.8,12.8,12.8,2294900,-0.01765157329240208
2023-11-21,12.65,12.72,12.26,12.55,12.55,3710100,-0.01953125
2023-11-22,12.56,12.71,12.19,12.29,12.29,2358800,-0.0207171314741037
2023-11-24,12.22,12.41,12.18,12.2,12.2,1232500,-0.007323026851098424
2023-11-27,12.18,12.33,11.89,11.91,11.91,3710600,-0.023770491803278615
2023-11-28,11.9,13.55,11.89,13.49,13.49,14192900,0.13266162888329136
2023-11-29,15.49,17.559999,14.7,16.25,16.25,61172800,0.20459599703484055
2023-11-30,16.290001,16.33,14.32,14.55,14.55,16537200,-0.10461538461538455
2023-12-01,14.52,15.99,14.5,15.3,15.3,13347300,0.05154639175257736
2023-12-04,15.29,17.41,14.91,16.98,16.98,20098700,0.1098039215686275
2023-12-05,16.469999,16.719999,14.87,14.91,14.91,14220100,-0.12190812720848054
2023-12-06,15.36,15.7,14.64,14.84,14.84,12691300,-0.0046948356807512415
2023-12-07,13.71,16.52,13.56,16.360001,16.360001,19840700,0.10242594339622646
2023-12-08,15.83,16.48,15.47,15.55,15.55,10375400,-0.04951106054333365
2023-12-11,15.45,15.69,14.98,15.07,15.07,4961200,-0.03086816720257235
2023-12-12,15.12,15.36,14.84,15.22,15.22,4210700,0.00995355009953558
2023-12-13,15.22,16.799999,15.19,16.690001,16.690001,9086900,0.09658350854139286
2023-12-14,17.139999,17.879999,16.799999,17.440001,17.440001,10750700,0.04493708538423702
2023-12-15,17.4,17.58,17.01,17.26,17.26,7110100,-0.010321157665071024
2023-12-18,17.24,18.51,17.1,17.860001,17.860001,7352200,0.034762514484356855
2023-12-19,17.889999,18.59,17.23,17.719999,17.719999,5447100,-0.007838857343848926
2023-12-20,17.530001,18.379999,16.889999,16.93,16.93,5553000,-0.04458233885904861
2023-12-21,17.190001,17.34,16.59,16.98,16.98,3975300,0.002953337271116352
2023-12-22,16.780001,17.200001,16.450001,16.969999,16.969999,3325100,-0.0005889870435806799
2023-12-26,16.98,17.41,16.82,17.360001,17.360001,3079600,0.022981851678364862
2023-12-27,17.43,18.370001,17.370001,18.370001,18.370001,4800100,0.05817972015093775
2023-12-28,18.049999,18.32,17.85,18.07,18.07,3574800,-0.016331027962382727
2023-12-29,18.040001,18.16,17.459999,17.530001,17.530001,4524200,-0.02988372993912569
2024-01-02,17.25,17.6,16.58,16.67,16.67,4428000,-0.04905881066407225
2024-01-03,16.299999,16.83,15.9,16.690001,16.690001,4193600,0.0011998200359926159
2024-01-04,16.51,16.75,16.309999,16.360001,16.360001,2671500,-0.01977231756906417
2024-01-05,16.16,16.52,15.96,15.96,15.96,2615700,-0.024449937380810693
2024-01-08,15.78,16.120001,15.7,15.79,15.79,3031100,-0.0106516290726818
2024-01-09,15.59,15.62,15.12,15.16,15.16,3105300,-0.039898670044331785
2024-01-10,15.12,15.76,14.97,15.73,15.73,3191700,0.03759894459102897
2024-01-11,15.65,15.8,15.24,15.25,15.25,2992200,-0.030514939605848723
2024-01-12,15.3,15.62,14.73,14.75,14.75,2475500,-0.032786885245901676
2024-01-16,14.6,14.62,13.93,13.98,13.98,3581200,-0.05220338983050843
2024-01-17,13.86,14.11,13.71,14.08,14.08,2706200,0.007153075822603716
2024-01-18,14.2,14.77,14.05,14.29,14.29,3906000,0.014914772727272707
2024-01-19,14.36,14.6,14.09,14.51,14.51,2391500,0.015395381385584272
2024-01-22,14.5,15.16,14.3,14.9,14.9,3606500,0.026878015161957203
2024-01-23,15.0,15.02,14.05,14.18,14.18,3495300,-0.04832214765100673
2024-01-24,14.28,14.38,13.82,13.95,13.95,2513800,-0.016220028208744797
2024-01-25,13.97,14.54,13.92,14.52,14.52,3635900,0.04086021505376336
2024-01-26,14.44,14.72,14.41,14.49,14.49,2288800,-0.0020661157024792765
2024-01-29,14.5,14.81,14.32,14.78,14.78,2164200,0.0200138026224983
2024-01-30,14.54,14.82,14.51,14.55,14.55,1652600,-0.01556156968876854
2024-01-31,14.4,14.83,14.22,14.23,14.23,2684700,-0.021993127147766356
2024-02-01,14.34,14.42,14.02,14.42,14.42,2220200,0.013352073085031613
2024-02-02,14.15,14.92,14.08,14.73,14.73,2922600,0.021497919556171974
2024-02-05,14.5,14.61,13.4,13.46,13.46,4361500,-0.08621860149355054
2024-02-06,13.6,14.3,13.43,14.1,14.1,3047800,0.047548291233283635
2024-02-07,14.12,14.3,13.78,14.07,14.07,1947800,-0.0021276595744680327
2024-02-08,14.01,14.44,13.89,14.35,14.35,1838300,0.01990049751243772
2024-02-09,14.37,15.23,14.3,14.66,14.66,3575300,0.02160278745644595
2024-02-12,14.58,15.22,14.53,14.73,14.73,2750100,0.004774897680764001
2024-02-13,14.2,14.4,13.77,14.17,14.17,3788700,-0.03801765105227428
2024-02-14,14.33,14.43,14.05,14.41,14.41,2504400,0.016937191249117856
2024-02-15,14.54,14.75,14.23,14.51,14.51,2400500,0.006939625260235838
2024-02-16,14.46,14.53,14.1,14.12,14.12,2297200,-0.026878015161957314
2024-02-20,13.96,14.05,13.16,13.49,13.49,3784500,-0.04461756373937675
2024-02-21,13.46,13.67,13.23,13.41,13.41,1731300,-0.005930318754633013
2024-02-22,13.5,13.65,13.34,13.36,13.36,1817800,-0.0037285607755407346
2024-02-23,13.3,13.79,13.12,13.51,13.51,2319700,0.011227544910179743
2024-02-26,13.31,13.75,13.2,13.68,13.68,2278600,0.012583271650629113
2024-02-27,13.7,14.29,13.68,14.21,14.21,2795500,0.03874269005847952
2024-02-28,14.0,14.47,13.89,14.24,14.24,2440700,0.002111189303307448
2024-02-29,14.34,14.65,14.03,14.27,14.27,2638700,0.002106741573033588
